,Issue Date,Plate ID,Registration State,Summons Number,Vehicle Color,Vehicle Expiration Date,Vehicle Make,Violation Description,Violation code,alert,id_drone
0,2014-12-23,25X944,OK,7950697490.0,WHITE,2014-01-01 00:00:00,INTER,Double Parking (Com-100Ft),46B,0.0,30.0
1,2014-12-18,EYB8055,NY,7744281500.0,GY,2016-01-01 00:00:00,TOYOT,No Parking (street clean),21,0.0,34.0
2,2014-12-11,CME3770,NY,7557194007.0,GY,2015-01-01 00:00:00,SUBAR,Insp Sticker Expired (NYS),71A,1.0,47.0
3,2014-12-05,GRD8338,NY,8017257454.0,GY,2016-01-01 00:00:00,HONDA,No Parking (street clean),21,0.0,58.0
4,2014-12-19,87628MC,NY,7012261912.0,RD,2015-01-01 00:00:00,INTER,Fire Hydrant,40,0.0,69.0
5,2014-12-19,DT50359,AL,8007021619.0,BLACK,2015-01-01 00:00:00,ME/BE,No Parking (street clean),21,0.0,70.0
6,2014-12-05,DLM5398,NY,7988181105.0,WH,2015-01-01 00:00:00,HONDA,No Parking (street clean),21,0.0,71.0
7,2014-12-24,AM871N,NJ,7715546963.0,GREEN,8888-01-01 00:00:00,INTER,No Standing,14,0.0,75.0
8,2014-12-16,GFL2098,NY,7322394872.0,GY,2015-01-01 00:00:00,ME/BE,No Parking (street clean),21,0.0,81.0
9,2014-12-10,EBF1693,NY,7487409983.0,SILVE,2016-01-01 00:00:00,ACURA,Failure to Display Muni Rec,38,0.0,82.0
10,2014-12-25,GTJ3754,NY,7691548266.0,BL,2016-01-01 00:00:00,BMW,Insp. Sticker Missing (NYS,71,0.0,99.0
11,2014-12-05,JCL1966,PA,7737910621.0,GREY,2014-01-01 00:00:00,INFIN,No Parking (street clean),21,0.0,105.0
12,2014-12-06,EEV1682,NY,7613059390.0,SILVE,2015-01-01 00:00:00,HONDA,Failure to Display Muni Rec,38,0.0,120.0
13,2014-12-17,75467MC,NY,7053450260.0,WH,2014-01-01 00:00:00,MITSU,Double PKG-Midtown,47,0.0,137.0
14,2014-12-20,AXW8175,GA,7359162294.0,GREY,2014-01-01 00:00:00,HONDA,Failure to Display Muni Rec,38,0.0,146.0
15,2014-12-18,GTR8180,NY,7739161421.0,GY,2016-01-01 00:00:00,SMART,No Parking (street clean),21,0.0,185.0
16,2014-12-18,42745JZ,NY,7291923074.0,WHITE,8888-01-01 00:00:00,UTIL,Failure to Display Muni Rec,38,0.0,211.0
17,2014-12-06,P316XN,NY,7687075663.0,BLUE,2014-01-01 00:00:00,HYUND,No Parking (street clean),21,0.0,231.0
18,2014-12-11,FXG1405,NY,1377624500.0,BLUE,2016-01-01 00:00:00,JEEP,,,0.0,243.0
19,2014-12-10,XCDV20,NJ,8018101103.0,BLACK,8888-01-01 00:00:00,SUZUK,No Stand (Com. Mtr. Zone),31,0.0,247.0
20,2014-12-16,DRG4118,NY,7559905602.0,GY,2016-01-01 00:00:00,TOYOT,Insp Sticker Expired (NYS),71A,0.0,263.0
21,2014-12-30,JLM6347,PA,7620460573.0,GREY,2014-01-01 00:00:00,HYUND,Fire Hydrant,40,0.0,265.0
22,2014-12-30,JLM6347,PA,7620460573.0,GREY,2014-01-01 00:00:00,HYUND,Fire Hydrant,40,0.0,266.0
23,2014-12-06,62976JM,NY,7795962671.0,BROWN,8888-01-01 00:00:00,INTER,No Standing,14,0.0,272.0
24,2014-12-17,DLZ5295,PA,7115011096.0,GREY,2015-01-01 00:00:00,TOYOT,No Stand (Com. Mtr. Zone),31,0.0,275.0
25,2014-12-15,FAM9241,NY,7751536111.0,BK,2016-01-01 00:00:00,ME/BE,No Standing,14,0.0,290.0
26,2014-12-05,A83VLJ,FL,8000199178.0,SILVE,2004-01-01 00:00:00,HYUND,No Parking (street clean),21,0.0,294.0
27,2014-12-19,41655JM,NY,7390753456.0,WHITE,8888-01-01 00:00:00,CHEVR,Double PKG-Midtown,47,0.0,331.0
28,2014-12-05,XAHT15,NJ,7951984966.0,WHITE,2014-01-01 00:00:00,FORD,Expired Muni Meter,37,0.0,358.0
29,2014-12-13,GMD9390,NY,8012826355.0,GY,2015-01-01 00:00:00,TOYOT,Failure to Display Muni Rec,38,0.0,373.0
30,2014-12-14,684ZBG,CT,8015911990.0,BROWN,2014-01-01 00:00:00,NISSA,No Parking (Non-COM),20A,0.0,376.0
31,2014-12-20,41825JX,NY,7187173015.0,BROWN,8888-01-01 00:00:00,WORKH,Safety Zone,53,0.0,395.0
32,2014-12-30,GKA2819,NY,7083840570.0,BK,2015-01-01 00:00:00,GMC,Failure to Display Muni Rec,38,0.0,408.0
33,2014-12-30,GKA2819,NY,7083840570.0,BK,2015-01-01 00:00:00,GMC,Failure to Display Muni Rec,38,0.0,409.0
34,2014-12-07,GUU9721,NY,1375795594.0,BLUE,2016-01-01 00:00:00,FORD,,,0.0,417.0
35,2014-12-07,GUU9721,NY,1375795594.0,BLUE,2016-01-01 00:00:00,FORD,,,0.0,418.0
36,2014-12-09,DLV3048,NY,8004073153.0,WH,2015-01-01 00:00:00,BMW,Expired Muni Meter,37,1.0,426.0
37,2014-12-26,53044JA,NY,8011068854.0,WHITE,8888-01-01 00:00:00,FORD,Failure to Display Muni Rec,38,0.0,443.0
38,2014-12-31,GSA4698,NY,7041331854.0,WH,2016-01-01 00:00:00,ACURA,Insp Sticker Expired (NYS),71A,0.0,460.0
39,2014-12-31,GSA4698,NY,7041331854.0,WH,2016-01-01 00:00:00,ACURA,Insp Sticker Expired (NYS),71A,0.0,461.0
40,2014-12-08,EVA1008,NY,8002037418.0,BK,2015-01-01 00:00:00,INFIN,Expired Muni Meter,37,0.0,480.0
41,2014-12-10,GJS3728,NY,7176954185.0,GR,2015-01-01 00:00:00,JEEP,Insp Sticker Expired (NYS),71A,0.0,499.0
42,2014-12-17,83350AT,NY,8013066344.0,BLACK,2015-01-01 00:00:00,NS/OT,Bike Lane,48,0.0,506.0
43,2014-12-09,GTR8802,NY,1376301003.0,GRAY,2016-01-01 00:00:00,HYUND,,,0.0,509.0
44,2014-12-17,65776MA,NY,8001242006.0,WH,2014-01-01 00:00:00,CHEVR,Failure to Disp Muni Recpt,69,0.0,515.0
45,2014-12-29,FJF6905,NY,7019755033.0,OTHER,2015-01-01 00:00:00,NISSA,Failure to Display Muni Rec,38,0.0,600.0
46,2014-12-29,FJF6905,NY,7019755033.0,OTHER,2015-01-01 00:00:00,NISSA,Failure to Display Muni Rec,38,0.0,601.0
47,2014-12-24,DBK6760,NY,1374753154.0,BLACK,2016-01-01 00:00:00,ME/BE,,,0.0,606.0
48,2014-12-24,DBK6760,NY,1374753154.0,BLACK,2016-01-01 00:00:00,ME/BE,,,0.0,607.0
49,2014-12-01,29017MB,NY,1373173907.0,WH,2016-01-01 00:00:00,CHEVR,,,0.0,608.0
50,2014-12-23,45051MD,NY,7568892566.0,WHITE,2015-01-01 00:00:00,GMC,Expired Muni Meter,37,0.0,623.0
51,2014-12-15,GJD7038,NY,8003439760.0,GY,2015-01-01 00:00:00,HONDA,No Parking (street clean),21,0.0,630.0
52,2014-12-13,VBE2055,VA,7761482330.0,BLACK,2016-01-01 00:00:00,NISSA,No Parking (street clean),21,0.0,637.0
53,2014-12-19,EAW4373,NY,7726208703.0,GY,2015-01-01 00:00:00,HONDA,No Standing,14,0.0,693.0
54,2014-12-31,GEK9775,NY,7097088710.0,GY,2015-01-01 00:00:00,FORD,No Parking (Non-COM),20A,0.0,725.0
55,2014-12-31,GEK9775,NY,7097088710.0,GY,2015-01-01 00:00:00,FORD,No Parking (Non-COM),20A,0.0,726.0
56,2014-12-19,GST1343,NY,7848391450.0,GY,2015-01-01 00:00:00,NISSA,Insp Sticker Expired (NYS),71A,0.0,730.0
57,2014-12-12,75819JW,NY,7890392230.0,WHITE,2015-01-01 00:00:00,FORD,No Parking (Com Plate),20,0.0,731.0
58,2014-12-16,EDJ1609,NY,1370519515.0,TAN,2015-01-01 00:00:00,JEEP,,,0.0,781.0
59,2014-12-23,GLN8010,NY,7587279751.0,WH,2015-01-01 00:00:00,KIA,No Std (Com Veh) Non-COM,16A,0.0,794.0
60,2014-12-20,CEG8498,NY,7350353893.0,BLACK,2015-01-01 00:00:00,GMC,Failure to Display Muni Rec,38,0.0,806.0
61,2014-12-10,GEX5233,NY,7777792477.0,RD,2015-01-01 00:00:00,FORD,Expired Muni Meter,37,0.0,848.0
62,2014-12-19,FYB3159,NY,7280712990.0,GY,2016-01-01 00:00:00,SUBAR,No Parking (street clean),21,0.0,850.0
63,2014-12-15,23736JC,NY,7053821250.0,RED,2016-01-01 00:00:00,FORD,Failure to Disp Muni Recpt,69,0.0,862.0
64,2014-12-15,35214ME,NY,7768996902.0,WHITE,2015-01-01 00:00:00,NS/OT,No Stand (bus stop),19,0.0,900.0
65,2014-12-10,BXL4320,GA,7409954826.0,WHITE,8888-01-01 00:00:00,BUICK,Fire Hydrant,40,0.0,966.0
66,2014-12-31,GRF1394,NY,7645506519.0,RD,2016-01-01 00:00:00,NISSA,No Parking (street clean),21,0.0,978.0
67,2014-12-31,GRF1394,NY,7645506519.0,RD,2016-01-01 00:00:00,NISSA,No Parking (street clean),21,0.0,979.0
68,2014-12-01,FPB6036,NY,7713854915.0,GR,2015-01-01 00:00:00,TOYOT,Insp Sticker Expired (NYS),71A,0.0,981.0
69,2014-12-01,VCF4811,VA,8000322353.0,TAN,2014-01-01 00:00:00,CHEVR,No Parking (street clean),21,0.0,984.0
70,2014-12-17,13659MD,NY,8013664077.0,RED,2015-01-01 00:00:00,NS/OT,Failure to Disp Muni Recpt,69,0.0,986.0
71,2014-12-13,CSF7929,NY,7984997561.0,WHITE,8888-01-01 00:00:00,DODGE,Failure to Display Muni Rec,38,0.0,1037.0
72,2014-12-10,57882JA,NY,7989429068.0,WHITE,2015-01-01 00:00:00,FORD,Failure to Display Muni Rec,38,0.0,1039.0
73,2014-12-04,38483JX,NY,7625159814.0,GR,2015-01-01 00:00:00,CHEVR,Storage-3 hour Commercial,85,0.0,1047.0
74,2014-12-07,CJP6885,NY,8001777790.0,GY,2015-01-01 00:00:00,BUICK,No Stand (bus stop),19,0.0,1076.0
75,2014-12-01,1125013,IL,8017452469.0,RED,8888-01-01 00:00:00,FRUEH,Failure to Display Muni Rec,38,0.0,1133.0
76,2014-12-11,GCP9773,NY,7577514196.0,TN,2014-01-01 00:00:00,LEXUS,Reg. Sticker Expired (NYS),70A,0.0,1150.0
77,2014-12-26,069BQK,OK,7395923303.0,RED,2015-01-01 00:00:00,FORD,Failure to Display Muni Rec,38,0.0,1164.0
78,2014-12-11,50RM31,NY,8003745822.0,BLUE,2015-01-01 00:00:00,SUZUK,Sidewalk,51,0.0,1176.0
79,2014-12-12,90958JU,NY,8010264696.0,WHITE,2015-01-01 00:00:00,CHEVR,Failure to Display Muni Rec,38,0.0,1179.0
80,2014-12-03,31184PC,NY,7063449886.0,OR,2015-01-01 00:00:00,FRUEH,No Standing,14,0.0,1184.0
81,2014-12-02,6KMZ381,CA,7728783440.0,BLACK,2015-01-01 00:00:00,SUBAR,No Std (Com Veh) Non-COM,16A,0.0,1258.0
82,2014-12-02,FGZ2717,NY,7004623002.0,WHITE,2014-01-01 00:00:00,HONDA,No Parking (street clean),21,0.0,1262.0
83,2014-12-05,62542JM,NY,7410791299.0,BROWN,8888-01-01 00:00:00,INTER,Fire Hydrant,40,0.0,1263.0
84,2014-12-24,906,CT,7818331062.0,BLUE,8888-01-01 00:00:00,DODGE,Failure to Display Muni Rec,38,0.0,1265.0
85,2014-12-02,GRU6438,NY,8015555036.0,WH,2016-01-01 00:00:00,JEEP,Failure to Display Muni Rec,38,0.0,1277.0
86,2014-12-30,AP399H,NJ,7560446929.0,WHITE,8888-01-01 00:00:00,KENWO,No Stand (bus stop),19,0.0,1286.0
87,2014-12-30,AP399H,NJ,7560446929.0,WHITE,8888-01-01 00:00:00,KENWO,No Stand (bus stop),19,0.0,1287.0
88,2014-12-09,YCN52F,NJ,7594477169.0,BLACK,8888-01-01 00:00:00,DODGE,No Standing,14,0.0,1299.0
89,2014-12-18,96212JY,NY,1376928930.0,WHITE,2016-01-01 00:00:00,FORD,,,0.0,1309.0
90,2014-12-18,96212JY,NY,1376928930.0,WHITE,2016-01-01 00:00:00,FORD,,,0.0,1310.0
91,2014-12-03,2028135,IN,7984995102.0,SILVE,8888-01-01 00:00:00,FRUEH,No Standing,14,0.0,1334.0
92,2014-12-18,FEP8515,NY,7014588175.0,WH,2015-01-01 00:00:00,FORD,Insp Sticker Expired (NYS),71A,0.0,1353.0
93,2014-12-04,CCT6884,NY,7971507720.0,WH,2016-01-01 00:00:00,NISSA,No Parking (street clean),21,0.0,1362.0
94,2014-12-29,HFV0947,PA,8001449440.0,GREY,2015-01-01 00:00:00,NISSA,No Parking (street clean),21,0.0,1380.0
95,2014-12-29,HFV0947,PA,8001449440.0,GREY,2015-01-01 00:00:00,NISSA,No Parking (street clean),21,0.0,1381.0
96,2014-12-14,EXT2950,NY,1374833423.0,GRAY,2016-01-01 00:00:00,HONDA,,,0.0,1413.0
97,2014-12-08,24869MG,NY,7629471555.0,WH,2016-01-01 00:00:00,CHEVR,Failure to Display Muni Rec,38,0.0,1455.0
98,2014-12-12,XUEX78,NJ,7833167113.0,YELLO,8888-01-01 00:00:00,GMC,No Standing,14,0.0,1460.0
99,2014-12-03,59166JL,NY,7220681501.0,WH,2014-01-01 00:00:00,HINO,No Parking (street clean),21,0.0,1493.0
100,2014-12-11,GEB1811,NY,1376740734.0,SL,2016-01-01 00:00:00,NISSA,,,0.0,1530.0
101,2014-12-26,HVAC74,NY,7298219273.0,WH,2016-01-01 00:00:00,NISSA,"No STD Ex Con/DPL, D/S Dec",64,0.0,1547.0
102,2014-12-30,867ZKX,CT,8008880648.0,SILVE,2014-01-01 00:00:00,TOYOT,No Parking (street clean),21,0.0,1601.0
103,2014-12-30,867ZKX,CT,8008880648.0,SILVE,2014-01-01 00:00:00,TOYOT,No Parking (street clean),21,0.0,1602.0
104,2014-12-15,DNU2747,NY,7575560890.0,GY,2016-01-01 00:00:00,ME/BE,Insp Sticker Expired (NYS),71A,0.0,1638.0
105,2014-12-23,58298JT,NY,7802200830.0,WH,2016-01-01 00:00:00,FORD,No Parking (street clean),21,0.0,1669.0
106,2014-12-26,GPX9254,NY,7208376062.0,OR,2016-01-01 00:00:00,TOYOT,No Parking (street clean),21,0.0,1677.0
107,2014-12-15,T646696C,NY,7081116243.0,GL,2015-01-01 00:00:00,LINCO,Expired Muni Meter,37,0.0,1693.0
108,2014-12-06,ZGE99Z,NJ,7805592743.0,SILVE,8888-01-01 00:00:00,LEXUS,No Standing,14,0.0,1707.0
109,2014-12-31,23027JY,NY,7970786250.0,WHITE,2015-01-01 00:00:00,CHEVR,Failure to Display Muni Rec,38,0.0,1728.0
110,2014-12-31,23027JY,NY,7970786250.0,WHITE,2015-01-01 00:00:00,CHEVR,Failure to Display Muni Rec,38,0.0,1729.0
111,2014-12-11,ZCV9257,VA,7094291632.0,BLACK,2014-01-01 00:00:00,FORD,No Parking (street clean),21,0.0,1730.0
112,2014-12-12,GLU7898,NY,7949481699.0,BK,2016-01-01 00:00:00,SUBAR,No Standing,14,0.0,1762.0
113,2014-12-05,714,NY,8007129790.0,BK,2016-01-01 00:00:00,HYUND,No Parking (Non-COM),20A,0.0,1782.0
114,2014-12-03,53728MC,NY,7950695067.0,BLUE,2016-01-01 00:00:00,FORD,No Parking (Com Plate),20,0.0,1800.0
115,2014-12-02,GFT8760,NY,8013458842.0,BK,2015-01-01 00:00:00,HONDA,No Stand (bus stop),19,0.0,1808.0
116,2014-12-17,GJB7234,NY,8023750148.0,GY,2015-01-01 00:00:00,HONDA,No Parking (street clean),21,0.0,1811.0
117,2014-12-15,0L4659J,NJ,7768996914.0,BLACK,8888-01-01 00:00:00,CHRYS,No Standing,14,0.0,1823.0
118,2014-12-14,GMR3979,NY,7000640194.0,GY,2016-01-01 00:00:00,HONDA,Insp Sticker Expired (NYS),71A,0.0,1833.0
119,2014-12-22,T608655C,NY,7575965889.0,GREY,2015-01-01 00:00:00,FORD,No Stand (taxi stand),13,0.0,1904.0
120,2014-12-03,90600MA,NY,7897113917.0,WHITE,2015-01-01 00:00:00,ISUZU,Insp Sticker Expired (NYS),71A,0.0,1910.0
121,2014-12-09,L84BVP,NJ,7574755851.0,BLUE,8888-01-01 00:00:00,NISSA,No Parking (street clean),21,0.0,1913.0
122,2014-12-12,FFB9976,NY,7040615885.0,GR,2016-01-01 00:00:00,TOYOT,Failure to Display Muni Rec,38,0.0,1924.0
123,2014-12-05,GTB1691,NY,8007226539.0,BK,2016-01-01 00:00:00,TOYOT,Failure to Display Muni Rec,38,0.0,1928.0
124,2014-12-08,GDP9220,NY,7027480633.0,WH,2014-01-01 00:00:00,SUBAR,Reg. Sticker Expired (NYS),70A,0.0,1930.0
125,2014-12-26,FLC3843,NY,7027482800.0,BK,2015-01-01 00:00:00,ME/BE,No Parking (street clean),21,0.0,1956.0
126,2014-12-18,18438JU,NY,7203152777.0,BROWN,8888-01-01 00:00:00,FRUEH,No Standing,14,0.0,1960.0
127,2014-12-04,GNB8743,NY,8006830459.0,BK,2016-01-01 00:00:00,CHEVR,Failure to Display Muni Rec,38,0.0,1965.0
128,2014-12-16,56RM33,NY,7109980870.0,BROWN,2015-01-01 00:00:00,NS/OT,No Parking (street clean),21,0.0,1983.0
129,2014-12-29,FZK8240,NY,7659011509.0,GR,2015-01-01 00:00:00,NISSA,No Parking (street clean),21,0.0,1997.0
130,2014-12-29,FZK8240,NY,7659011509.0,GR,2015-01-01 00:00:00,NISSA,No Parking (street clean),21,0.0,1998.0
131,2014-12-15,GRD8540,NY,7699847751.0,WH,2016-01-01 00:00:00,ROVER,Missing Display Plate,74,0.0,2008.0
132,2014-12-01,3581CR,CT,7856349207.0,GREY,8888-01-01 00:00:00,TOYOT,Failure to Display Muni Rec,38,0.0,2018.0
133,2014-12-17,80772MA,NY,7717592113.0,WH,2016-01-01 00:00:00,GMC,Failure to Display Muni Rec,38,0.0,2025.0
134,2014-12-30,GLP6110,NY,7661343060.0,BK,2016-01-01 00:00:00,HYUND,No Parking (street clean),21,0.0,2028.0
135,2014-12-30,GLP6110,NY,7661343060.0,BK,2016-01-01 00:00:00,HYUND,No Parking (street clean),21,0.0,2029.0
136,2014-12-01,JPR7633,PA,1369016360.0,SILVE,2015-01-01 00:00:00,NISSA,,,0.0,2030.0
137,2014-12-08,JPS0184,PA,7604431628.0,BLACK,2015-01-01 00:00:00,MAZDA,No Standing,14,0.0,2107.0
138,2014-12-06,CRN3964,NY,7187934622.0,GY,2016-01-01 00:00:00,HONDA,No Std (Com Veh) Non-COM,16A,0.0,2111.0
139,2014-12-03,EVW5525,NY,1357873244.0,RD,2015-01-01 00:00:00,NISSA,,,0.0,2136.0
140,2014-12-05,GKU3190,NY,7506269089.0,GY,2015-01-01 00:00:00,NISSA,Fire Hydrant,40,0.0,2139.0
141,2014-12-18,FRY4033,NY,8016961186.0,GY,2015-01-01 00:00:00,TOYOT,Fire Hydrant,40,1.0,2205.0
142,2014-12-09,GRC2459,NY,1376658082.0,WHITE,2016-01-01 00:00:00,CHEVR,,,0.0,2216.0
143,2014-12-04,B457631,ME,1375187508.0,WHITE,2015-01-01 00:00:00,,,,0.0,2231.0
144,2014-12-18,0LPEGA11,NJ,7155884832.0,BLACK,8888-01-01 00:00:00,ME/BE,No Stand (Com. Mtr. Zone),31,0.0,2236.0
145,2014-12-04,24481MD,NY,7571959366.0,OTHER,2015-01-01 00:00:00,INTER,Double Parking (Com-100Ft),46B,0.0,2249.0
146,2014-12-02,74805ME,NY,7816723878.0,WH,2015-01-01 00:00:00,FRUEH,Platform lifts in low posit,84,0.0,2313.0
147,2014-12-01,YWD43Z,NJ,7398399698.0,SILVE,8888-01-01 00:00:00,DODGE,Fire Hydrant,40,0.0,2327.0
148,2014-12-08,HYC9495,PA,7577789859.0,WHITE,2015-01-01 00:00:00,JEEP,No Parking (Non-COM),20A,0.0,2348.0
149,2014-12-17,19990MC,NY,1376483543.0,WH,2015-01-01 00:00:00,FRUEH,,,0.0,2352.0
150,2014-12-14,U155UB,NY,1376810360.0,BLACK,2016-01-01 00:00:00,HONDA,,,0.0,2359.0
151,2014-12-02,BMP7577,NC,7620460263.0,GREY,2015-01-01 00:00:00,VOLVO,No Stand (bus stop),19,0.0,2389.0
152,2014-12-04,GHD5283,NY,7170587828.0,GY,2015-01-01 00:00:00,NISSA,Insp Sticker Expired (NYS),71A,0.0,2418.0
153,2014-12-16,FFE2398,NY,7570764663.0,GY,2014-01-01 00:00:00,ACURA,Reg. Sticker Expired (NYS),70A,0.0,2420.0
154,2014-12-18,89311JS,NY,7624644472.0,WHITE,8888-01-01 00:00:00,GMC,Failure to Display Muni Rec,38,0.0,2426.0
155,2014-12-08,FTB6676,NY,7546352502.0,GY,2016-01-01 00:00:00,HONDA,No Stand (bus stop),19,0.0,2431.0
156,2014-12-10,FPL6009,NY,8022801343.0,GY,2015-01-01 00:00:00,HYUND,No Parking (street clean),21,0.0,2434.0
157,2014-12-05,GVB2662,NY,7958214431.0,BK,2016-01-01 00:00:00,INFIN,Insp Sticker Expired (NYS),71A,0.0,2462.0
158,2014-12-04,FPJ2632,NY,7751534084.0,GY,2015-01-01 00:00:00,NISSA,No Parking (Non-COM),20A,0.0,2469.0
159,2014-12-11,GLK1982,NY,1326695332.0,GREEN,2014-01-01 00:00:00,SUBAR,,,0.0,2471.0
160,2014-12-21,DUP6067,NY,8014067290.0,GY,2016-01-01 00:00:00,HONDA,No Standing,14,0.0,2506.0
161,2014-12-30,GLS6203,NY,7230376014.0,BR,2015-01-01 00:00:00,LEXUS,Insp Sticker Expired (NYS),71A,0.0,2512.0
162,2014-12-30,GLS6203,NY,7230376014.0,BR,2015-01-01 00:00:00,LEXUS,Insp Sticker Expired (NYS),71A,0.0,2513.0
163,2014-12-02,GDU7324,NY,8001443980.0,BK,2015-01-01 00:00:00,MAZDA,No Parking (street clean),21,0.0,2519.0
164,2014-12-10,DVH3144,NY,8003995255.0,GREY,2015-01-01 00:00:00,CHEVR,No Stand (bus stop),19,0.0,2520.0
165,2014-12-18,GRZ7602,NY,1375083508.0,RED,2016-01-01 00:00:00,LA RO,,,0.0,2531.0
166,2014-12-13,GPX7689,NY,8006587577.0,GY,2016-01-01 00:00:00,HONDA,Fire Hydrant,40,0.0,2539.0
167,2014-12-28,GJC4845,NY,8024952117.0,GY,2015-01-01 00:00:00,TOYOT,Insp Sticker Expired (NYS),71A,0.0,2561.0
168,2014-12-23,GHF4440,NY,1343613309.0,BK,2015-01-01 00:00:00,CHEVR,,,0.0,2568.0
169,2014-12-23,GHF4440,NY,1343613309.0,BK,2015-01-01 00:00:00,CHEVR,,,0.0,2569.0
170,2014-12-23,GHF4440,NY,1343613309.0,BK,2015-01-01 00:00:00,CHEVR,,,0.0,2570.0
171,2014-12-23,GHF4440,NY,1343613309.0,BK,2015-01-01 00:00:00,CHEVR,,,0.0,2571.0
172,2014-12-23,GHF4440,NY,1343613309.0,BK,2015-01-01 00:00:00,CHEVR,,,0.0,2572.0
173,2014-12-23,GHF4440,NY,1343613309.0,BK,2015-01-01 00:00:00,CHEVR,,,0.0,2573.0
174,2014-12-23,GHF4440,NY,1343613309.0,BK,2015-01-01 00:00:00,CHEVR,,,0.0,2574.0
175,2014-12-23,GHF4440,NY,1343613309.0,BK,2015-01-01 00:00:00,CHEVR,,,0.0,2575.0
176,2014-12-23,GHF4440,NY,1343613309.0,BK,2015-01-01 00:00:00,CHEVR,,,0.0,2576.0
177,2014-12-23,GHF4440,NY,1343613309.0,BK,2015-01-01 00:00:00,CHEVR,,,0.0,2577.0
178,2014-12-23,GHF4440,NY,1343613309.0,BK,2015-01-01 00:00:00,CHEVR,,,0.0,2578.0
179,2014-12-26,319572,RI,8018254310.0,BLUE,2015-01-01 00:00:00,CHRYS,No Parking (street clean),21,0.0,2586.0
180,2014-12-03,T638504C,NY,7216305309.0,GR,2015-01-01 00:00:00,FORD,No Parking (street clean),21,0.0,2628.0
181,2014-12-11,T474073C,NY,7386653670.0,WH,2014-01-01 00:00:00,TOYOT,Reg. Sticker Expired (NYS),70A,0.0,2649.0
182,2014-12-03,AMU1710,NY,7133899292.0,TN,2015-01-01 00:00:00,FORD,No Parking (street clean),21,0.0,2668.0
183,2014-12-13,GDS8759,NY,7009158800.0,WH,2016-01-01 00:00:00,DODGE,Improperly Displayed Plate,74A,0.0,2692.0
184,2014-12-03,JJZ4969,PA,7575961689.0,BLACK,2015-01-01 00:00:00,ME/BE,No Standing,14,0.0,2726.0
185,2014-12-12,GJP2648,NY,7385856500.0,BK,2015-01-01 00:00:00,TOYOT,Double Parking (Non-COM),46A,0.0,2733.0
186,2014-12-11,GGM9523,NY,7504770917.0,BL,2015-01-01 00:00:00,GMC,Fire Hydrant,40,0.0,2750.0
187,2014-12-13,AP501F,NJ,7868235767.0,WHITE,8888-01-01 00:00:00,PETER,No Stopping,10,0.0,2752.0
188,2014-12-19,XBHW33,NJ,8007637588.0,YELLO,2014-01-01 00:00:00,INTER,No Standing,14,0.0,2781.0
189,2014-12-26,GMF8816,NY,8005164798.0,GY,2016-01-01 00:00:00,BMW,No Stand (Com. Mtr. Zone),31,0.0,2789.0
190,2014-12-18,W65BPC,NJ,7929459937.0,BLACK,8888-01-01 00:00:00,ROVER,Expired Muni Meter,37,0.0,2793.0
191,2014-12-12,GKJ8587,NY,7575824984.0,RD,2015-01-01 00:00:00,FORD,No Standing,14,0.0,2811.0
192,2014-12-04,XAMW50,NJ,7721471886.0,WHITE,2014-01-01 00:00:00,HINO,No Stand (bus stop),19,0.0,2829.0
193,2014-12-26,V62CCV,NJ,7567814470.0,WHITE,8888-01-01 00:00:00,HONDA,No Std (Com Veh) Non-COM,16A,0.0,2834.0
194,2014-12-16,48768JZ,NY,7719955304.0,WHITE,8888-01-01 00:00:00,FORD,No Standing,14,0.0,2842.0
195,2014-12-22,B911AK,FL,8033454568.0,GREY,2015-01-01 00:00:00,TOYOT,Expired Muni Meter,37,0.0,2856.0
196,2014-12-01,GKB5671,NY,7665068005.0,BLACK,2015-01-01 00:00:00,BMW,No Stand (bus stop),19,0.0,2876.0
197,2014-12-07,GCL1074,NY,7307453939.0,BK,2014-01-01 00:00:00,FORD,Insp Sticker Expired (NYS),71A,0.0,2887.0
198,2014-12-15,GSB6058,NY,1375553173.0,GY,2016-01-01 00:00:00,TOYOT,,,0.0,2916.0
199,2014-12-12,AN166V,NJ,7053820981.0,WHITE,8888-01-01 00:00:00,INTER,Failure to Disp Muni Recpt,69,0.0,2973.0
200,2014-12-08,PC79587,DE,8005028805.0,BLACK,2015-01-01 00:00:00,JEEP,No Stand (bus stop),19,0.0,2979.0
201,2014-12-08,ERM9765,NY,7130783000.0,GY,2015-01-01 00:00:00,MAZDA,Expired Muni Meter,37,0.0,3049.0
202,2014-12-01,BH668J,NY,7008626691.0,GY,2015-01-01 00:00:00,NISSA,Insp Sticker Expired (NYS),71A,0.0,3054.0
203,2014-12-19,GGF7208,NY,7645504006.0,GY,2015-01-01 00:00:00,NISSA,No Parking (street clean),21,0.0,3064.0
204,2014-12-07,EUG6004,NY,1377346055.0,BLUE,2015-01-01 00:00:00,ME/BE,,,0.0,3067.0
205,2014-12-01,98188MD,NY,7882338187.0,WH,2015-01-01 00:00:00,FRUEH,Failure to Disp Muni Recpt,69,0.0,3076.0
206,2014-12-22,GRA4796,NY,1374763482.0,BLUE,2016-01-01 00:00:00,NISSA,,,0.0,3105.0
207,2014-12-22,GRA4796,NY,1374763482.0,BLUE,2016-01-01 00:00:00,NISSA,,,0.0,3106.0
208,2014-12-08,62614JS,NY,8006379210.0,GY,2016-01-01 00:00:00,GMC,Insp Sticker Expired (NYS),71A,0.0,3115.0
209,2014-12-23,CRL1111,NY,8003279318.0,SILVE,2015-01-01 00:00:00,NISSA,Failure to Display Muni Rec,38,0.0,3145.0
210,2014-12-09,257XZ6,MA,8017702693.0,GREY,2015-01-01 00:00:00,FORD,No Standing,14,0.0,3181.0
211,2014-12-17,23874MD,NY,1375365691.0,WHITE,2015-01-01 00:00:00,MITSU,,,0.0,3193.0
212,2014-12-10,GJR3079,NY,7147531474.0,BK,2015-01-01 00:00:00,INFIN,No Parking (street clean),21,0.0,3196.0
213,2014-12-26,FEY9160,NY,8013572109.0,WH,2016-01-01 00:00:00,ME/BE,No Parking (street clean),21,0.0,3205.0
214,2014-12-05,GDN8226,NY,7499242330.0,RD,2015-01-01 00:00:00,HONDA,No Standing,14,0.0,3255.0
215,2014-12-26,V282270,IL,7324796096.0,GREY,2015-01-01 00:00:00,FORD,No Parking (street clean),21,0.0,3268.0
216,2014-12-29,501B0E,ID,7249025340.0,GREY,2014-01-01 00:00:00,VOLVO,No Parking (street clean),21,0.0,3321.0
217,2014-12-29,501B0E,ID,7249025340.0,GREY,2014-01-01 00:00:00,VOLVO,No Parking (street clean),21,0.0,3322.0
218,2014-12-22,GJB6036,NY,8023750331.0,GY,2015-01-01 00:00:00,LEXUS,No Parking (Non-COM),20A,0.0,3324.0
219,2014-12-03,FXN8041,NY,1374192284.0,WHT,2016-01-01 00:00:00,HONDA,,,0.0,3342.0
220,2014-12-17,GKC3922,NY,8006221613.0,BK,2015-01-01 00:00:00,LEXUS,Expired Muni Meter,37,0.0,3346.0
221,2014-12-16,18059JH,NY,7047809200.0,WHITE,8888-01-01 00:00:00,FRUEH,Bike Lane,48,0.0,3364.0
222,2014-12-31,GKX3927,NY,8000896412.0,WH,2015-01-01 00:00:00,FORD,Failure to Display Muni Rec,38,0.0,3370.0
223,2014-12-31,GKX3927,NY,8000896412.0,WH,2015-01-01 00:00:00,FORD,Failure to Display Muni Rec,38,0.0,3371.0
224,2014-12-26,GMS1569,NY,7787594676.0,BK,2016-01-01 00:00:00,FORD,Insp Stkr Counterfeit,72A,0.0,3373.0
225,2014-12-10,447536N,NJ,7563598467.0,OTHER,8888-01-01 00:00:00,BMW,No Parking (street clean),21,0.0,3402.0
226,2014-12-11,GRG3741,NY,7487537122.0,BK,2016-01-01 00:00:00,HONDA,Crosswalk,50,0.0,3407.0
227,2014-12-12,GGF3496,NY,7996970282.0,WH,2015-01-01 00:00:00,HONDA,No Parking (street clean),21,0.0,3439.0
228,2014-12-31,FSN3982,NY,7582349994.0,RD,2015-01-01 00:00:00,NISSA,No Parking (street clean),21,0.0,3450.0
229,2014-12-31,FSN3982,NY,7582349994.0,RD,2015-01-01 00:00:00,NISSA,No Parking (street clean),21,0.0,3451.0
230,2014-12-08,WVJ68P,NJ,7964399299.0,SILVE,8888-01-01 00:00:00,HONDA,No Stand (Com. Mtr. Zone),31,0.0,3468.0
231,2014-12-21,1P32A,NY,7739939780.0,YW,2015-01-01 00:00:00,TOYOT,No Stand (taxi stand),13,0.0,3488.0
232,2014-12-16,47831MD,NY,8027800018.0,WH,2015-01-01 00:00:00,PETER,Failure to Disp Muni Recpt,69,0.0,3505.0
233,2014-12-09,BPNL49,FL,7751535090.0,RED,2015-01-01 00:00:00,FORD,No Parking (street clean),21,0.0,3516.0
234,2014-12-01,GLH1116,NY,7237155568.0,GY,2015-01-01 00:00:00,TOYOT,No Std (Com Veh) Non-COM,16A,0.0,3534.0
235,2014-12-11,86016ME,NY,7877878448.0,WHITE,2015-01-01 00:00:00,NS/OT,Double PKG-Midtown,47,0.0,3557.0
236,2014-12-09,FLL7744,NY,7804209708.0,GY,2015-01-01 00:00:00,TOYOT,Insp Sticker Expired (NYS),71A,0.0,3566.0
237,2014-12-10,41994JM,NY,7121541993.0,WHITE,8888-01-01 00:00:00,GMC,Bike Lane,48,0.0,3603.0
238,2014-12-02,16001MG,NY,7942328326.0,WH,2015-01-01 00:00:00,FORD,No Std (Com Veh) Non-COM,16A,0.0,3606.0
239,2014-12-07,GTL1940,NY,8017258010.0,BK,2016-01-01 00:00:00,BMW,Crosswalk,50,0.0,3680.0
240,2014-12-26,GEH9015,NY,7241543592.0,WH,2015-01-01 00:00:00,ACURA,Insp Sticker Expired (NYS),71A,0.0,3690.0
241,2014-12-04,GMD2348,NY,8010987529.0,BL,2016-01-01 00:00:00,NISSA,No Parking (street clean),21,0.0,3711.0
242,2014-12-01,GTZ3884,NY,7031313880.0,WH,2016-01-01 00:00:00,NISSA,Missing Display Plate,74,0.0,3716.0
243,2014-12-17,3G41C,NY,1376482940.0,YELLO,2016-01-01 00:00:00,FORD,,,0.0,3732.0
244,2014-12-29,GRH1419,NY,7575966791.0,BK,2016-01-01 00:00:00,ACURA,No Stand (Com. Mtr. Zone),31,0.0,3734.0
245,2014-12-29,GRH1419,NY,7575966791.0,BK,2016-01-01 00:00:00,ACURA,No Stand (Com. Mtr. Zone),31,0.0,3735.0
246,2014-12-22,3GEK87,MI,8009116579.0,GOLD,2014-01-01 00:00:00,GMC,Crosswalk,50,0.0,3738.0
247,2014-12-03,NA00218,PA,8005920908.0,SILVE,2015-01-01 00:00:00,NS/OT,Expired Muni Meter,37,0.0,3739.0
248,2014-12-11,TEMAH,NY,7074172704.0,GR,2015-01-01 00:00:00,BUICK,Failure to Display Muni Rec,38,0.0,3746.0
249,2014-12-04,FXY1026,NY,1374727222.0,GREY,2016-01-01 00:00:00,INFIN,,,0.0,3761.0
250,2014-12-07,EFB8494,NY,1367525809.0,GY,2016-01-01 00:00:00,TOYOT,,,0.0,3788.0
251,2014-12-07,GRA4707,NY,1376649202.0,GY,2016-01-01 00:00:00,INFIN,,,0.0,3803.0
252,2014-12-26,GKW3720,NY,8005639340.0,GR,2015-01-01 00:00:00,ME/BE,No Parking (street clean),21,0.0,3814.0
253,2014-12-17,EAJ1691,NY,1370312477.0,BLUE,2015-01-01 00:00:00,TOYOT,,,0.0,3826.0
254,2014-12-12,FEE7437,NY,7580663340.0,BK,2016-01-01 00:00:00,ROVER,No Stand (Com. Mtr. Zone),31,0.0,3828.0
255,2014-12-10,C14DKB,NJ,8033400754.0,GREY,8888-01-01 00:00:00,JEEP,Fire Hydrant,40,0.0,3833.0
256,2014-12-23,GMZ5886,NY,7751537360.0,GY,2015-01-01 00:00:00,TOYOT,No Parking (street clean),21,0.0,3872.0
257,2014-12-20,EAB7128,NY,8010767748.0,BL,2015-01-01 00:00:00,ROVER,Failure to Display Muni Rec,38,0.0,3884.0
258,2014-12-31,GFN5046,NY,7700386780.0,WH,2015-01-01 00:00:00,DODGE,Expired Muni Meter,37,0.0,3913.0
259,2014-12-31,GFN5046,NY,7700386780.0,WH,2015-01-01 00:00:00,DODGE,Expired Muni Meter,37,0.0,3914.0
260,2014-12-11,CVJ3737,NY,7991172156.0,GY,2016-01-01 00:00:00,CHEVR,No Standing,14,0.0,3952.0
261,2014-12-12,JFR3578,PA,8013225914.0,BLACK,2015-01-01 00:00:00,MAZDA,No Parking (street clean),21,0.0,3978.0
262,2014-12-18,P90ELN,NJ,7662622873.0,GREEN,8888-01-01 00:00:00,CADIL,Fire Hydrant,40,0.0,3981.0
263,2014-12-13,T605981C,NY,8014221783.0,BK,2015-01-01 00:00:00,TOYOT,Failure to Display Muni Rec,38,0.0,3986.0
264,2014-12-11,GLH9884,NY,7487537110.0,BK,2015-01-01 00:00:00,TOYOT,No Stand (bus stop),19,0.0,3998.0
265,2014-12-18,62525JM,NY,8017154380.0,BROWN,8888-01-01 00:00:00,INTER,No Standing,14,0.0,4002.0
266,2014-12-20,P2525Z,TN,7575562047.0,GREY,2015-01-01 00:00:00,DODGE,Failure to Display Muni Rec,38,0.0,4034.0
267,2014-12-11,88238MB,NY,7344754710.0,WHITE,8888-01-01 00:00:00,FRUEH,No Standing,14,0.0,4038.0
268,2014-12-12,GMX4886,NY,8010730737.0,BL,2016-01-01 00:00:00,CHRYS,Expired Muni Meter,37,0.0,4062.0
269,2014-12-29,EVW9929,NY,7249025648.0,GR,2015-01-01 00:00:00,SUBAR,No Parking (street clean),21,0.0,4081.0
270,2014-12-29,EVW9929,NY,7249025648.0,GR,2015-01-01 00:00:00,SUBAR,No Parking (street clean),21,0.0,4082.0
271,2014-12-25,ETW9477,NY,7662218594.0,GY,2015-01-01 00:00:00,TOYOT,Insp Sticker Expired (NYS),71A,0.0,4162.0
272,2014-12-08,GKM1263,NY,7975822334.0,BK,2015-01-01 00:00:00,KIA,Failure to Display Muni Rec,38,0.0,4173.0
273,2014-12-02,21542MD,NY,7996327040.0,WHITE,8888-01-01 00:00:00,GMC,No Parking (street clean),21,0.0,4185.0
274,2014-12-16,GPR3909,NY,7701956141.0,GY,2016-01-01 00:00:00,NISSA,Double Parking (Non-COM),46A,0.0,4206.0
275,2014-12-18,P75DYG,NJ,7097193074.0,GREY,8888-01-01 00:00:00,AUDI,Failure to Display Muni Rec,38,0.0,4207.0
276,2014-12-27,GNX1177,NY,7943197483.0,BK,2016-01-01 00:00:00,LEXUS,No Match-Plate/Reg. Sticker,75,0.0,4217.0
277,2014-12-16,EUH6027,NY,1375077790.0,GREY,2015-01-01 00:00:00,HONDA,,,0.0,4231.0
278,2014-12-18,GPN1605,NY,7001075292.0,GY,2016-01-01 00:00:00,FORD,Expired Muni Meter,37,0.0,4233.0
279,2014-12-12,83560ME,NY,7058600016.0,WHITE,8888-01-01 00:00:00,FRUEH,Double PKG-Midtown,47,0.0,4277.0
280,2014-12-13,GCF5146,NY,7559905171.0,GL,2016-01-01 00:00:00,TOYOT,Failure to Display Muni Rec,38,0.0,4285.0
281,2014-12-08,GSG7103,NY,7802198859.0,BL,2016-01-01 00:00:00,NISSA,Expired Muni Meter,37,0.0,4299.0
282,2014-12-23,DLH8615,NY,7108248566.0,BLACK,2015-01-01 00:00:00,HONDA,No Parking (street clean),21,0.0,4309.0
283,2014-12-21,AS296D,NJ,7405869543.0,BLUE,8888-01-01 00:00:00,KENWO,Storage-3 hour Commercial,85,0.0,4327.0
284,2014-12-18,55267JJ,NY,7859513225.0,WHITE,2016-01-01 00:00:00,GMC,Double PKG-Midtown,47,0.0,4338.0
285,2014-12-20,GEK4625,NY,7062972836.0,BK,2015-01-01 00:00:00,ROVER,Failure to Display Muni Rec,38,0.0,4345.0
286,2014-12-15,XTB2993,VA,8000045266.0,BLACK,2015-01-01 00:00:00,HYUND,Fire Hydrant,40,0.0,4349.0
287,2014-12-26,FHN8700,NY,7514774713.0,MR,2014-01-01 00:00:00,SUBAR,Reg. Sticker Expired (NYS),70A,0.0,4359.0
288,2014-12-01,63586JM,NY,7317459720.0,BROWN,8888-01-01 00:00:00,WORKH,No Parking (street clean),21,0.0,4390.0
289,2014-12-11,CLC7009,NY,7009158046.0,BK,2015-01-01 00:00:00,VOLKS,No Parking (street clean),21,0.0,4396.0
290,2014-12-01,GTM5520,NY,1371589770.0,BLK,2016-01-01 00:00:00,HONDA,,,0.0,4418.0
291,2014-12-16,92RD91,NY,1376117034.0,GREY,2015-01-01 00:00:00,VESPA,,,0.0,4421.0
292,2014-12-05,GKJ6763,NY,7299992395.0,GY,2015-01-01 00:00:00,HONDA,Fire Hydrant,40,0.0,4426.0
293,2014-12-14,FDM2115,NY,1375545061.0,BK,2015-01-01 00:00:00,ME/BE,,,0.0,4432.0
294,2014-12-04,P35828,IN,7890391237.0,WHITE,8888-01-01 00:00:00,NS/OT,No Standing,14,0.0,4448.0
295,2014-12-04,22157MA,NY,7931405365.0,WH,2016-01-01 00:00:00,FORD,Bike Lane,48,0.0,4462.0
296,2014-12-05,49311JX,NY,7979942474.0,BK,2016-01-01 00:00:00,FORD,Failure to Display Muni Rec,38,0.0,4466.0
297,2014-12-03,96090MD,NY,7856349402.0,WH,2015-01-01 00:00:00,FORD,Failure to Disp Muni Recpt,69,0.0,4475.0
298,2014-12-29,79058JW,NY,7921826805.0,WHITE,2015-01-01 00:00:00,NS/OT,Double Parking (Com-100Ft),46B,0.0,4476.0
299,2014-12-29,79058JW,NY,7921826805.0,WHITE,2015-01-01 00:00:00,NS/OT,Double Parking (Com-100Ft),46B,0.0,4477.0
300,2014-12-02,CSY5004,NY,1374728767.0,BLACK,2016-01-01 00:00:00,INFIN,,,0.0,4487.0
301,2014-12-02,65381MB,NY,1376125109.0,WHITE,2014-01-01 00:00:00,CHEVR,,,0.0,4523.0
302,2014-12-06,GSV8304,NY,7412860392.0,GY,2016-01-01 00:00:00,NISSA,Double Parking (Non-COM),46A,0.0,4547.0
303,2014-12-27,EWW5223,NY,8002040259.0,BK,2016-01-01 00:00:00,FORD,No Parking (Non-COM),20A,0.0,4558.0
304,2014-12-29,16592JS,NY,8010820143.0,BK,2015-01-01 00:00:00,HINO,Double Parking (Com-100Ft),46B,0.0,4625.0
305,2014-12-16,EWC2602,NY,8014161439.0,BK,2015-01-01 00:00:00,VOLVO,No Parking (street clean),21,0.0,4685.0
306,2014-12-31,XABJ60,NJ,8015216904.0,WHITE,2014-01-01 00:00:00,ISUZU,Fire Hydrant,40,0.0,4688.0
307,2014-12-31,XABJ60,NJ,8015216904.0,WHITE,2014-01-01 00:00:00,ISUZU,Fire Hydrant,40,0.0,4689.0
308,2014-12-30,FZJ2174,NY,7307939162.0,GY,2016-01-01 00:00:00,NISSA,Failure to Display Muni Rec,38,0.0,4693.0
309,2014-12-30,FZJ2174,NY,7307939162.0,GY,2016-01-01 00:00:00,NISSA,Failure to Display Muni Rec,38,0.0,4694.0
310,2014-12-12,51701JV,NY,7005010498.0,WH,2015-01-01 00:00:00,GMC,No Parking (street clean),21,0.0,4704.0
311,2014-12-17,GRE3878,NY,8008879180.0,BK,2015-01-01 00:00:00,CHEVR,No Parking (Non-COM),20A,0.0,4705.0
312,2014-12-09,354690,RI,7331377802.0,OTHER,2014-01-01 00:00:00,HONDA,Failure to Display Muni Rec,38,0.0,4715.0
313,2014-12-15,EAC6479,NY,7981072610.0,BL,2015-01-01 00:00:00,HYUND,No Parking (street clean),21,0.0,4739.0
314,2014-12-23,8225EN,MA,7085792530.0,BLACK,2016-01-01 00:00:00,JEEP,Expired Muni Meter,37,0.0,4777.0
315,2014-12-04,31929JM,NY,1378906159.0,WHITE,2016-01-01 00:00:00,GMC,,,0.0,4811.0
316,2014-12-01,11673JY,NY,7178378013.0,WHITE,8888-01-01 00:00:00,CHEVR,Failure to Display Muni Rec,38,0.0,4823.0
317,2014-12-15,729WRH,CT,7407885400.0,GREEN,2014-01-01 00:00:00,GMC,No Parking (street clean),21,0.0,4829.0
318,2014-12-11,49903JG,NY,7947576440.0,BROWN,8888-01-01 00:00:00,FRUEH,No Standing,14,0.0,4833.0
319,2014-12-13,FLJ2547,NY,1376818693.0,WHITE,2015-01-01 00:00:00,ACURA,,,0.0,4837.0
320,2014-12-18,GLR4277,NY,7502275988.0,WH,2015-01-01 00:00:00,FORD,No Parking (street clean),21,0.0,4861.0
321,2014-12-29,GNW6267,NY,7726209860.0,BK,2016-01-01 00:00:00,NISSA,No Parking (Non-COM),20A,0.0,4869.0
322,2014-12-29,GNW6267,NY,7726209860.0,BK,2016-01-01 00:00:00,NISSA,No Parking (Non-COM),20A,0.0,4870.0
323,2014-12-30,BCK9602,NY,8016061783.0,SILVE,2015-01-01 00:00:00,VOLVO,Failure to Display Muni Rec,38,0.0,4914.0
324,2014-12-09,XCFH88,NJ,7125860199.0,WHITE,2014-01-01 00:00:00,DODGE,Nighttime PKG on Res Street,78,0.0,4926.0
325,2014-12-01,GLK7192,NY,8003822350.0,GR,2015-01-01 00:00:00,FORD,Insp Stkr Mutilated,72,0.0,4929.0
326,2014-12-16,ETX2669,NY,8012973315.0,BK,2015-01-01 00:00:00,JEEP,No Parking (Non-COM),20A,0.0,4973.0
327,2014-12-08,79614MD,NY,1375016880.0,WH,2015-01-01 00:00:00,FORD,,,0.0,4990.0
328,2014-12-17,342JVS,FL,8016904142.0,BLACK,2015-01-01 00:00:00,TOYOT,Failure to Display Muni Rec,38,0.0,5009.0
329,2014-12-29,FLL3247,NY,7317554807.0,WH,2016-01-01 00:00:00,NISSA,No Parking (street clean),21,0.0,5026.0
330,2014-12-29,FLL3247,NY,7317554807.0,WH,2016-01-01 00:00:00,NISSA,No Parking (street clean),21,0.0,5027.0
331,2014-12-28,GNZ2813,NY,7990778026.0,GR,2016-01-01 00:00:00,CHRYS,Fire Hydrant,40,0.0,5031.0
332,2014-12-12,34832ME,NY,7330396680.0,WH,2015-01-01 00:00:00,FORD,Failure to Disp Muni Recpt,69,0.0,5052.0
333,2014-12-02,EVB6168,NY,8015854969.0,WH,2015-01-01 00:00:00,NISSA,Not Pkg. Comp. w Psted Sign,68,0.0,5053.0
334,2014-12-17,GPK3194,NY,8023504034.0,GY,2016-01-01 00:00:00,JEEP,No Parking (street clean),21,0.0,5059.0
335,2014-12-04,7BL3806,MD,7443537130.0,GOLD,8888-01-01 00:00:00,FORD,Angle Parking,60,0.0,5066.0
336,2014-12-06,GUR1431,NY,7211171571.0,BK,2016-01-01 00:00:00,HYUND,No Standing,14,0.0,5077.0
337,2014-12-03,GLA9572,NY,7485551395.0,BLACK,2015-01-01 00:00:00,HONDA,Insp Sticker Expired (NYS),71A,1.0,5089.0
338,2014-12-16,AM126G,NJ,7933818171.0,GREEN,8888-01-01 00:00:00,FRUEH,Failure to Display Muni Rec,38,0.0,5096.0
339,2014-12-20,53180JX,NY,7931177812.0,WH,2016-01-01 00:00:00,FORD,No Std (Com Veh) Com Plate,16,0.0,5099.0
340,2014-12-01,FWF1046,NY,7765506079.0,GY,2016-01-01 00:00:00,NISSA,No Parking (street clean),21,0.0,5106.0
341,2014-12-30,BBJ9428,NY,7612919308.0,DK/,2016-01-01 00:00:00,LEXUS,No Parking (street clean),21,0.0,5114.0
342,2014-12-30,BBJ9428,NY,7612919308.0,DK/,2016-01-01 00:00:00,LEXUS,No Parking (street clean),21,0.0,5115.0
343,2014-12-02,XAPZ95,NJ,7700381732.0,WHITE,2014-01-01 00:00:00,DODGE,Fire Hydrant,40,0.0,5116.0
344,2014-12-06,E49CLU,NJ,7922246122.0,RED,8888-01-01 00:00:00,SUBAR,Failure to Display Muni Rec,38,0.0,5155.0
345,2014-12-19,DJE5302,NY,7711783838.0,GY,2015-01-01 00:00:00,HONDA,Failure to Display Muni Rec,38,0.0,5186.0
346,2014-12-30,GJC7792,NY,7717594900.0,GR,2015-01-01 00:00:00,TOYOT,No Parking (street clean),21,0.0,5219.0
347,2014-12-30,GJC7792,NY,7717594900.0,GR,2015-01-01 00:00:00,TOYOT,No Parking (street clean),21,0.0,5220.0
348,2014-12-05,17440JE,NY,7913688520.0,RED,2015-01-01 00:00:00,INTER,No Standing,14,0.0,5225.0
349,2014-12-31,3AH3022,MD,7683419527.0,GREY,2015-01-01 00:00:00,CHRYS,No Parking (street clean),21,0.0,5231.0
350,2014-12-31,3AH3022,MD,7683419527.0,GREY,2015-01-01 00:00:00,CHRYS,No Parking (street clean),21,0.0,5232.0
351,2014-12-17,GTJ7887,NY,7280712903.0,BK,2016-01-01 00:00:00,TOYOT,No Parking (Non-COM),20A,0.0,5250.0
352,2014-12-20,MAMAJO29,NY,7650737883.0,RD,2015-01-01 00:00:00,KIA,Failure to Display Muni Rec,38,0.0,5332.0
353,2014-12-07,GTR3659,NY,7397472904.0,BK,2015-01-01 00:00:00,CHEVR,No Standing,14,0.0,5364.0
354,2014-12-12,GRJ7267,NY,7187935961.0,BK,2016-01-01 00:00:00,CHEVR,No Parking (street clean),21,0.0,5416.0
355,2014-12-16,FLW6296,NY,8016453818.0,BK,2015-01-01 00:00:00,MAZDA,Expired Muni Meter,37,0.0,5434.0
356,2014-12-10,FFV6476,NY,8012081805.0,BK,2016-01-01 00:00:00,HONDA,No Parking (street clean),21,0.0,5455.0
357,2014-12-26,GAM6407,NY,7886181591.0,BK,2016-01-01 00:00:00,FORD,No Stand (Com. Mtr. Zone),31,0.0,5457.0
358,2014-12-04,ECF6220,NY,7017790716.0,BL,2015-01-01 00:00:00,MAZDA,No Parking (street clean),21,0.0,5491.0
359,2014-12-24,JLZ8469,PA,7773441212.0,BLACK,2014-01-01 00:00:00,ME/BE,Failure to Display Muni Rec,38,0.0,5499.0
360,2014-12-04,GSV8631,NY,7298680419.0,BK,2016-01-01 00:00:00,HONDA,Double Parking (Non-COM),46A,0.0,5521.0
361,2014-12-30,DUY3062,NY,8011380679.0,GY,2016-01-01 00:00:00,HYUND,No Parking (street clean),21,0.0,5523.0
362,2014-12-09,V30DUT,NJ,7997982577.0,BLACK,8888-01-01 00:00:00,VOLKS,Fire Hydrant,40,0.0,5534.0
363,2014-12-12,GMT8914,NY,1376657910.0,BLK,2016-01-01 00:00:00,BMW,,,0.0,5542.0
364,2014-12-15,52980JV,NY,7828347443.0,WH,2015-01-01 00:00:00,FRUEH,Failure to Disp Muni Recpt,69,0.0,5558.0
365,2014-12-04,T655784C,NY,7758305143.0,BK,2015-01-01 00:00:00,CHEVR,Insp Sticker Expired (NYS),71A,0.0,5595.0
366,2014-12-13,40422PA,NY,7094078225.0,GR,2015-01-01 00:00:00,FRUEH,Double PKG-Midtown,47,0.0,5600.0
367,2014-12-09,GUE7215,NY,7443538339.0,SILVE,2016-01-01 00:00:00,NISSA,Insp Sticker Expired (NYS),71A,0.0,5604.0
368,2014-12-03,11934JY,NY,7996327488.0,WHITE,8888-01-01 00:00:00,CHEVR,Failure to Display Muni Rec,38,0.0,5612.0
369,2014-12-12,GLS5783,NY,7922397884.0,GY,2016-01-01 00:00:00,NISSA,No Parking (street clean),21,0.0,5616.0
370,2014-12-02,23802JH,NY,7400716189.0,WH,2015-01-01 00:00:00,FORD,Failure to Display Muni Rec,38,0.0,5635.0
371,2014-12-08,EGF4950,NY,1377713210.0,BLCK,2016-01-01 00:00:00,INFL,,,0.0,5653.0
372,2014-12-10,GCG4842,NY,8007873820.0,BL,2014-01-01 00:00:00,FORD,Double Parking (Non-COM),46A,0.0,5682.0
373,2014-12-26,AZSC128,ON,7000643262.0,SILVE,2016-01-01 00:00:00,NISSA,No Parking (street clean),21,0.0,5683.0
374,2014-12-19,26564MB,NY,7565557997.0,WH,2015-01-01 00:00:00,CHEVR,Failure to Display Muni Rec,38,0.0,5688.0
375,2014-12-15,91060PA,NY,7063451595.0,GR,2015-01-01 00:00:00,STERL,No Standing,14,0.0,5695.0
376,2014-12-22,GHN2870,NY,7789968178.0,WH,2015-01-01 00:00:00,MITSU,No Parking (street clean),21,0.0,5748.0
377,2014-12-03,GSC6843,NY,7713954600.0,BK,2016-01-01 00:00:00,TOYOT,Expired Muni Meter,37,0.0,5774.0
378,2014-12-31,4797JS,FL,8003930546.0,SILVE,2015-01-01 00:00:00,TOYOT,No Parking (street clean),21,0.0,5781.0
379,2014-12-31,4797JS,FL,8003930546.0,SILVE,2015-01-01 00:00:00,TOYOT,No Parking (street clean),21,0.0,5782.0
380,2014-12-12,91228MD,NY,7298216454.0,WH,2015-01-01 00:00:00,INTER,No Standing,14,0.0,5784.0
381,2014-12-01,7221DLV,NJ,8010019525.0,BLUE,8888-01-01 00:00:00,BMW,No Parking (street clean),21,0.0,5802.0
382,2014-12-11,GMK5594,NY,7978350216.0,BK,2016-01-01 00:00:00,HYUND,No Parking (street clean),21,0.0,5823.0
383,2014-12-11,FTW1316,NY,1375451390.0,BLACK,2016-01-01 00:00:00,HONDA,,,0.0,5845.0
384,2014-12-22,GGM6700,NY,7961559218.0,GY,2015-01-01 00:00:00,TOYOT,No Parking (street clean),21,0.0,5877.0
385,2014-12-30,V99ERL,NJ,8022106793.0,BLACK,8888-01-01 00:00:00,FORD,Failure to Display Muni Rec,38,0.0,5878.0
386,2014-12-30,V99ERL,NJ,8022106793.0,BLACK,8888-01-01 00:00:00,FORD,Failure to Display Muni Rec,38,0.0,5879.0
387,2014-12-01,GMZ5119,NY,7031313820.0,GR,2016-01-01 00:00:00,JEEP,No Parking (street clean),21,0.0,5889.0
388,2014-12-30,DUB5211,NY,7941176919.0,WH,2016-01-01 00:00:00,VOLVO,No Parking (street clean),21,0.0,5902.0
389,2014-12-30,DUB5211,NY,7941176919.0,WH,2016-01-01 00:00:00,VOLVO,No Parking (street clean),21,0.0,5903.0
390,2014-12-12,DZS9401,NY,7788307282.0,BK,2015-01-01 00:00:00,HUMME,No Parking (street clean),21,0.0,5932.0
391,2014-12-29,SFAKIA1,NY,7074174919.0,BL/,2016-01-01 00:00:00,VOLKS,Failure to Display Muni Rec,38,0.0,5946.0
392,2014-12-29,SFAKIA1,NY,7074174919.0,BL/,2016-01-01 00:00:00,VOLKS,Failure to Display Muni Rec,38,0.0,5947.0
393,2014-12-31,GGF6240,NY,7536608160.0,BLACK,2015-01-01 00:00:00,ACURA,Failure to Display Muni Rec,38,0.0,5985.0
394,2014-12-31,GGF6240,NY,7536608160.0,BLACK,2015-01-01 00:00:00,ACURA,Failure to Display Muni Rec,38,0.0,5986.0
395,2014-12-17,GCU5640,NY,7759557802.0,WH,2016-01-01 00:00:00,HYUND,Fire Hydrant,40,0.0,5990.0
396,2014-12-31,GDX4966,NY,8007766881.0,GY,2015-01-01 00:00:00,NISSA,No Stand (Com. Mtr. Zone),31,0.0,6035.0
397,2014-12-31,GDX4966,NY,8007766881.0,GY,2015-01-01 00:00:00,NISSA,No Stand (Com. Mtr. Zone),31,0.0,6036.0
398,2014-12-10,43387MB,NY,7055801394.0,WHITE,2015-01-01 00:00:00,CHEVR,Insp Sticker Expired (NYS),71A,0.0,6050.0
399,2014-12-29,GCG1301,NY,8011762898.0,WH,2016-01-01 00:00:00,BMW,Expired Muni Meter,37,0.0,6065.0
400,2014-12-29,GCG1301,NY,8011762898.0,WH,2016-01-01 00:00:00,BMW,Expired Muni Meter,37,0.0,6066.0
401,2014-12-24,P103174,IL,7341577290.0,GREY,2014-01-01 00:00:00,TOYOT,No Standing,14,0.0,6068.0
402,2014-12-02,FGD8225,NY,8012677817.0,GY,2016-01-01 00:00:00,TOYOT,No Parking (street clean),21,0.0,6157.0
403,2014-12-14,GSM1872,NY,7038594280.0,BK,2016-01-01 00:00:00,JEEP,Fire Hydrant,40,0.0,6182.0
404,2014-12-04,60996JU,NY,7717178497.0,WHITE,2015-01-01 00:00:00,CHEVR,Expired Muni Meter,37,0.0,6194.0
405,2014-12-12,FAS7406,NY,7039376994.0,WH,2016-01-01 00:00:00,ROVER,Failure to Display Muni Rec,38,0.0,6201.0
406,2014-12-26,GMV7360,NY,7228734051.0,BK,2016-01-01 00:00:00,TOYOT,Expired Muni Meter,37,0.0,6204.0
407,2014-12-18,GFS6121,NY,8009264088.0,BL,2015-01-01 00:00:00,NISSA,No Parking (street clean),21,0.0,6222.0
408,2014-12-08,GAB6906,NY,7645040373.0,GREY,2016-01-01 00:00:00,HONDA,No Parking (Non-COM),20A,0.0,6223.0
409,2014-12-02,IC2,KY,7331165537.0,BLACK,2015-01-01 00:00:00,ME/BE,Fire Hydrant,40,0.0,6235.0
410,2014-12-23,14578MG,NY,1374839413.0,WHITE,2016-01-01 00:00:00,GMC,,,0.0,6290.0
411,2014-12-23,14578MG,NY,1374839413.0,WHITE,2016-01-01 00:00:00,GMC,,,0.0,6291.0
412,2014-12-03,EXA1158,NY,1365823210.0,BLACK,2016-01-01 00:00:00,NISSA,,,0.0,6306.0
413,2014-12-31,69190JZ,NY,7989433436.0,RED,2016-01-01 00:00:00,MITSU,Double Parking (Com-100Ft),46B,0.0,6319.0
414,2014-12-31,69190JZ,NY,7989433436.0,RED,2016-01-01 00:00:00,MITSU,Double Parking (Com-100Ft),46B,0.0,6320.0
415,2014-12-01,13026JY,NY,7428315219.0,WHITE,8888-01-01 00:00:00,GMC,Failure to Display Muni Rec,38,0.0,6332.0
416,2014-12-05,26790ME,NY,7777791667.0,WH,2015-01-01 00:00:00,NISSA,Failure to Display Muni Rec,38,0.0,6338.0
417,2014-12-04,42145JS,NY,7097381206.0,BLUE,2015-01-01 00:00:00,FORD,No Std (Com Veh) Com Plate,16,0.0,6400.0
418,2014-12-08,GBT9082,NY,7112236058.0,SILVE,2016-01-01 00:00:00,TOYOT,No Parking (Non-COM),20A,0.0,6434.0
419,2014-12-23,30295MA,NY,7138214029.0,WH,2016-01-01 00:00:00,CHEVR,No Standing,14,0.0,6449.0
420,2014-12-08,CNL0948,MI,8008180626.0,BLACK,2015-01-01 00:00:00,CHRYS,No Standing,14,0.0,6450.0
421,2014-12-13,93462MD,NY,7659009515.0,WH,2015-01-01 00:00:00,ISUZU,No Parking (street clean),21,0.0,6470.0
422,2014-12-18,21745JP,NY,7708721416.0,WH,2015-01-01 00:00:00,CHEVR,Bike Lane,48,0.0,6495.0
423,2014-12-04,1R84H,NY,8012616040.0,YW,2015-01-01 00:00:00,TOYOT,No Parking (street clean),21,0.0,6510.0
424,2014-12-04,EMM6631,NY,7013329393.0,BL,2015-01-01 00:00:00,CHRYS,Double Parking (Non-COM),46A,0.0,6514.0
425,2014-12-11,77906JW,NY,7907185518.0,WHITE,2015-01-01 00:00:00,INTER,Double PKG-Midtown,47,0.0,6533.0
426,2014-12-17,GSH3689,NY,7128375582.0,BLACK,2016-01-01 00:00:00,HONDA,Expired Muni Meter,37,0.0,6538.0
427,2014-12-29,E82CJB,NJ,8014358715.0,BLACK,8888-01-01 00:00:00,JEEP,No Std (Com Veh) Non-COM,16A,0.0,6564.0
428,2014-12-04,GKV7526,NY,8013116530.0,GREY,8888-01-01 00:00:00,MAZDA,Fire Hydrant,40,0.0,6585.0
429,2014-12-03,AE98042,AZ,7714321337.0,WHITE,2014-01-01 00:00:00,GMC,Nighttime PKG on Res Street,78,0.0,6597.0
430,2014-12-15,YARS595,OR,8010415066.0,WHITE,8888-01-01 00:00:00,STERL,No Standing,14,0.0,6601.0
431,2014-12-12,GRY6602,NY,7299993685.0,LTG,2016-01-01 00:00:00,PONTI,No Parking (street clean),21,0.0,6629.0
432,2014-12-03,42613ME,NY,7404766357.0,WH,2016-01-01 00:00:00,FORD,Failure to Display Muni Rec,38,0.0,6663.0
433,2014-12-17,DELQ86,FL,7502713773.0,WHITE,2016-01-01 00:00:00,NISSA,No Parking (Non-COM),20A,0.0,6673.0
434,2014-12-29,18313JC,NY,7475935670.0,WH,2016-01-01 00:00:00,CHEVR,Fire Hydrant,40,0.0,6693.0
435,2014-12-29,18313JC,NY,7475935670.0,WH,2016-01-01 00:00:00,CHEVR,Fire Hydrant,40,0.0,6694.0
436,2014-12-17,EDJ1012,NY,7096683630.0,GR,2015-01-01 00:00:00,HONDA,No Parking (street clean),21,0.0,6710.0
437,2014-12-30,T630623C,NY,8016610547.0,BK,2015-01-01 00:00:00,TOYOT,No Parking (Non-COM),20A,0.0,6730.0
438,2014-12-30,T630623C,NY,8016610547.0,BK,2015-01-01 00:00:00,TOYOT,No Parking (Non-COM),20A,0.0,6731.0
439,2014-12-19,FYX4587,NY,7155014771.0,BL,2016-01-01 00:00:00,CHRYS,No Parking (Non-COM),20A,0.0,6733.0
440,2014-12-30,GSP1262,NY,1374722996.0,SILVE,2016-01-01 00:00:00,CHRYS,,,0.0,6814.0
441,2014-12-30,GSP1262,NY,1374722996.0,SILVE,2016-01-01 00:00:00,CHRYS,,,0.0,6815.0
442,2014-12-11,EEL7924,NY,1363529754.0,SLV,2016-01-01 00:00:00,PONTI,,,0.0,6837.0
443,2014-12-06,VDP3736,VA,7839992183.0,BLUE,2015-01-01 00:00:00,NISSA,Failure to Display Muni Rec,38,0.0,6840.0
444,2014-12-04,GUM2644,NY,8017402107.0,GY,2016-01-01 00:00:00,MAZDA,No Parking (street clean),21,0.0,6876.0
445,2014-12-31,47077MB,NY,8018255696.0,RED,2015-01-01 00:00:00,CHEVR,Missing Display Plate,74,0.0,6877.0
446,2014-12-31,47077MB,NY,8018255696.0,RED,2015-01-01 00:00:00,CHEVR,Missing Display Plate,74,0.0,6878.0
447,2014-12-15,54428MC,NY,7055036150.0,WH,2015-01-01 00:00:00,ISUZU,No Std (Com Veh) Com Plate,16,0.0,6929.0
448,2014-12-19,GUZ6009,NY,7110796978.0,BLUE,2015-01-01 00:00:00,ROVER,Expired Muni Meter,37,0.0,6941.0
449,2014-12-29,GGF2668,NY,8014016543.0,GY,2015-01-01 00:00:00,CHEVR,Fire Hydrant,40,0.0,6962.0
450,2014-12-29,GGF2668,NY,8014016543.0,GY,2015-01-01 00:00:00,CHEVR,Fire Hydrant,40,0.0,6963.0
451,2014-12-20,GGY8650,NY,7015560150.0,GY,2015-01-01 00:00:00,HONDA,No Parking (street clean),21,0.0,6969.0
452,2014-12-15,33975MC,NY,7096472514.0,WH,2016-01-01 00:00:00,FORD,No Stand (bus stop),19,0.0,6994.0
453,2014-12-03,GCM4237,NY,7216305516.0,BK,2014-01-01 00:00:00,HONDA,Reg. Sticker Expired (NYS),70A,0.0,6997.0
454,2014-12-04,GCG5511,NY,7010236082.0,WH,2016-01-01 00:00:00,TOYOT,No Parking (street clean),21,0.0,7015.0
455,2014-12-15,H91CNX,NJ,7132184568.0,RED,8888-01-01 00:00:00,HONDA,No Parking (street clean),21,0.0,7022.0
456,2014-12-02,DVF9428,NY,7181127263.0,GY,2016-01-01 00:00:00,TOYOT,Failure to Display Muni Rec,38,0.0,7025.0
457,2014-12-17,GDX4418,NY,8023504241.0,WH,2015-01-01 00:00:00,CADIL,No Parking (street clean),21,0.0,7049.0
458,2014-12-19,XALH40,NJ,7575561948.0,WHITE,2014-01-01 00:00:00,CHEVR,No Parking (Com Plate),20,0.0,7103.0
459,2014-12-24,3BEK80,MA,8020451511.0,BLUE,8888-01-01 00:00:00,NS/OT,Failure to Display Muni Rec,38,0.0,7107.0
460,2014-12-31,FWP3794,NY,7700386614.0,GY,2016-01-01 00:00:00,TOYOT,Failure to Display Muni Rec,38,0.0,7135.0
461,2014-12-31,FWP3794,NY,7700386614.0,GY,2016-01-01 00:00:00,TOYOT,Failure to Display Muni Rec,38,0.0,7136.0
462,2014-12-01,GKW7955,NY,7955594060.0,OTHER,2015-01-01 00:00:00,CHEVR,Insp Sticker Expired (NYS),71A,0.0,7148.0
463,2014-12-19,BAR9729,NY,8016656389.0,GY,2016-01-01 00:00:00,KIA,No Stand (bus stop),19,0.0,7168.0
464,2014-12-21,T658722C,NY,1377100250.0,BLACK,2015-01-01 00:00:00,HONDA,,,0.0,7176.0
465,2014-12-01,1614819,ME,1377148210.0,BK,2016-01-01 00:00:00,,,,0.0,7187.0
466,2014-12-15,K91554,CT,7855157827.0,WHITE,8888-01-01 00:00:00,NS/OT,No Std (Com Veh) Com Plate,16,0.0,7190.0
467,2014-12-08,66269MA,NY,7843510382.0,WH,2015-01-01 00:00:00,CHEVR,No Standing,14,0.0,7213.0
468,2014-12-30,FTB1763,NY,7557524020.0,BL,2015-01-01 00:00:00,AUDI,Expired Muni Meter,37,0.0,7216.0
469,2014-12-30,FTB1763,NY,7557524020.0,BL,2015-01-01 00:00:00,AUDI,Expired Muni Meter,37,0.0,7217.0
470,2014-12-23,GNF1858,NY,8014413283.0,RD,2016-01-01 00:00:00,CHEVR,No Parking (street clean),21,0.0,7248.0
471,2014-12-26,FZY9415,NY,7648320125.0,BK,2015-01-01 00:00:00,CHEVR,Expired Muni Meter,37,0.0,7249.0
472,2014-12-08,18735PC,NY,7096369569.0,WHITE,2015-01-01 00:00:00,HINO,Platform lifts in low posit,84,0.0,7251.0
473,2014-12-22,AE30186,AZ,7282353785.0,WHITE,2014-01-01 00:00:00,FORD,No Standing,14,0.0,7274.0
474,2014-12-01,EVA9870,NY,8011616754.0,BK,2015-01-01 00:00:00,CHEVR,Insp Sticker Expired (NYS),71A,0.0,7285.0
475,2014-12-31,787ZWV,CT,7753487255.0,SILVE,8888-01-01 00:00:00,TOYOT,No Parking (street clean),21,0.0,7308.0
476,2014-12-31,787ZWV,CT,7753487255.0,SILVE,8888-01-01 00:00:00,TOYOT,No Parking (street clean),21,0.0,7309.0
477,2014-12-02,28143JW,NY,7240236572.0,GY,2016-01-01 00:00:00,FORD,Expired Muni Meter,37,0.0,7318.0
478,2014-12-04,T610298C,NY,7182330600.0,BK,2015-01-01 00:00:00,TOYOT,Failure to Display Muni Rec,38,0.0,7355.0
479,2014-12-23,GJH8355,NY,7134316051.0,GY,2015-01-01 00:00:00,NISSA,Expired Muni Meter,37,0.0,7385.0
480,2014-12-26,JLR2112,PA,7503036060.0,BLACK,2015-01-01 00:00:00,CHEVR,No Std (Com Veh) Non-COM,16A,0.0,7392.0
481,2014-12-09,PRZ2140,MN,7298215541.0,WHITE,2014-01-01 00:00:00,FRUEH,No Stand (taxi stand),13,0.0,7411.0
482,2014-12-24,FDB8651,NY,7513509542.0,GY,2016-01-01 00:00:00,BMW,No Parking (Non-COM),20A,0.0,7427.0
483,2014-12-26,GPP9580,NY,7341972932.0,GREY,2016-01-01 00:00:00,DODGE,Failure to Display Muni Rec,38,0.0,7445.0
484,2014-12-23,GJW6519,NY,7193137890.0,OTHER,2015-01-01 00:00:00,CHEVR,Missing Display Plate,74,0.0,7453.0
485,2014-12-16,GRP6420,NY,1376250676.0,WHITE,2016-01-01 00:00:00,LEXUS,,,0.0,7454.0
486,2014-12-30,GJY9912,NY,1374757172.0,GRAY,2016-01-01 00:00:00,NISSA,,,0.0,7461.0
487,2014-12-30,GJY9912,NY,1374757172.0,GRAY,2016-01-01 00:00:00,NISSA,,,0.0,7462.0
488,2014-12-31,FAM2052,NY,7071147826.0,GY,2016-01-01 00:00:00,ACURA,Failure to Display Muni Rec,38,0.0,7531.0
489,2014-12-31,FAM2052,NY,7071147826.0,GY,2016-01-01 00:00:00,ACURA,Failure to Display Muni Rec,38,0.0,7532.0
490,2014-12-03,BZX5544,NY,8017802092.0,BK,2016-01-01 00:00:00,HONDA,No Parking (street clean),21,0.0,7541.0
491,2014-12-17,FXA6430,NY,7445893829.0,BL,2016-01-01 00:00:00,HONDA,Failure to Display Muni Rec,38,0.0,7563.0
492,2014-12-19,VCY5121,VA,8020804365.0,GREY,2015-01-01 00:00:00,VOLKS,No Parking (street clean),21,0.0,7587.0
493,2014-12-02,BKN4172,NY,8000232303.0,RD,2016-01-01 00:00:00,TOYOT,Failure to Display Muni Rec,38,0.0,7607.0
494,2014-12-26,GGC9353,NY,7793891752.0,BR,2015-01-01 00:00:00,HONDA,No Parking (Non-COM),20A,0.0,7617.0
495,2014-12-05,AF78810,PA,7009157121.0,WHITE,2015-01-01 00:00:00,INTER,Failure to Display Muni Rec,38,0.0,7639.0
496,2014-12-19,22444JY,NY,7322395920.0,WH,2016-01-01 00:00:00,CHEVR,Expired Muni Meter,37,0.0,7646.0
497,2014-12-16,DGP2192,NY,7750768841.0,GY,2015-01-01 00:00:00,HONDA,No Parking (street clean),21,0.0,7649.0
498,2014-12-08,FBL5580,NY,7929459421.0,RED,8888-01-01 00:00:00,NS/OT,No Std (Com Veh) Non-COM,16A,0.0,7657.0
499,2014-12-11,GTK6136,NY,8014160423.0,WH,2016-01-01 00:00:00,VOLKS,No Parking (street clean),21,0.0,7665.0
500,2014-12-08,D62EAP,NJ,7779039766.0,BLACK,8888-01-01 00:00:00,HONDA,No Std (Com Veh) Non-COM,16A,0.0,7678.0
501,2014-12-24,GSC2787,NY,7117193712.0,BK,2016-01-01 00:00:00,NISSA,No Parking (Non-COM),20A,0.0,7679.0
502,2014-12-30,FDV8246,NY,1374737392.0,GRY,2016-01-01 00:00:00,NISSA,,,0.0,7684.0
503,2014-12-30,FDV8246,NY,1374737392.0,GRY,2016-01-01 00:00:00,NISSA,,,0.0,7685.0
504,2014-12-24,GEI,NY,7117194273.0,BLACK,8888-01-01 00:00:00,NISSA,No Parking (street clean),21,0.0,7688.0
505,2014-12-24,GDR9041,NY,7761484363.0,RED,2016-01-01 00:00:00,KIA,No Std (Com Veh) Non-COM,16A,0.0,7691.0
506,2014-12-05,FHF6689,NY,7960648566.0,GR,2015-01-01 00:00:00,CHEVR,Failure to Display Muni Rec,38,0.0,7743.0
507,2014-12-31,GAH3031,NY,7703875170.0,BL,2016-01-01 00:00:00,PORSC,No Parking (street clean),21,0.0,7774.0
508,2014-12-31,GAH3031,NY,7703875170.0,BL,2016-01-01 00:00:00,PORSC,No Parking (street clean),21,0.0,7775.0
509,2014-12-05,203A870,VA,7132182160.0,GREY,8888-01-01 00:00:00,TOYOT,Sidewalk,51,0.0,7799.0
510,2014-12-10,DHS04,NY,8002286261.0,BK,2016-01-01 00:00:00,JEEP,No Standing,14,0.0,7811.0
511,2014-12-12,61250MC,NY,7717179490.0,WHITE,8888-01-01 00:00:00,FORD,Failure to Display Muni Rec,38,0.0,7834.0
512,2014-12-17,EWR2942,NY,8015363822.0,TN,2015-01-01 00:00:00,VOLVO,Insp Sticker Expired (NYS),71A,0.0,7844.0
513,2014-12-24,FXX2510,NY,7003386320.0,GY,2016-01-01 00:00:00,NISSA,Expired Muni Meter,37,0.0,7849.0
514,2014-12-20,GSY7338,NY,8012827906.0,BK,2016-01-01 00:00:00,ME/BE,No Parking (street clean),21,0.0,7850.0
515,2014-12-28,GVK3032,NY,8013722247.0,GY,2016-01-01 00:00:00,TOYOT,Insp Sticker Expired (NYS),71A,0.0,7858.0
516,2014-12-02,EDK9892,NY,8017951218.0,GR,2016-01-01 00:00:00,TOYOT,Insp. Sticker Missing (NYS,71,0.0,7870.0
517,2014-12-01,63016JM,NY,7919102133.0,BROWN,8888-01-01 00:00:00,GMC,Exp. Muni-Mtr (Com. Mtr. Z),42,0.0,7891.0
518,2014-12-15,035VES,FL,8012521167.0,GREY,2016-01-01 00:00:00,NISSA,No Parking (street clean),21,0.0,7897.0
519,2014-12-15,2725C0,CT,7728785667.0,WHITE,8888-01-01 00:00:00,CHEVR,Fire Hydrant,40,0.0,7923.0
520,2014-12-30,OXZ5686,NJ,7827012498.0,WHITE,8888-01-01 00:00:00,THOMA,Unauth passenger pick-up,03,0.0,7941.0
521,2014-12-30,OXZ5686,NJ,7827012498.0,WHITE,8888-01-01 00:00:00,THOMA,Unauth passenger pick-up,03,0.0,7942.0
522,2014-12-01,GRC1915,NY,7761479653.0,GY,2016-01-01 00:00:00,CHRYS,Insp Sticker Expired (NYS),71A,0.0,7999.0
523,2014-12-13,GLJ9461,NY,7658616199.0,GY,2015-01-01 00:00:00,BMW,No Parking (street clean),21,0.0,8040.0
524,2014-12-31,56421MB,NY,7286710692.0,WHITE,8888-01-01 00:00:00,CHEVR,Failure to Display Muni Rec,38,0.0,8041.0
525,2014-12-31,56421MB,NY,7286710692.0,WHITE,8888-01-01 00:00:00,CHEVR,Failure to Display Muni Rec,38,0.0,8042.0
526,2014-12-17,EYB5026,NY,7612915819.0,BL,2016-01-01 00:00:00,HONDA,Failure to Display Muni Rec,38,0.0,8054.0
527,2014-12-03,J018162,NJ,7133899383.0,WHITE,8888-01-01 00:00:00,MERCU,No Parking (street clean),21,0.0,8070.0
528,2014-12-19,BPLM320,ON,7265952273.0,GOLD,8888-01-01 00:00:00,DODGE,No Stand (Com. Mtr. Zone),31,0.0,8101.0
529,2014-12-05,GNP5758,NY,1374717514.0,RED,2016-01-01 00:00:00,SUBAR,,,0.0,8106.0
530,2014-12-10,FEY8900,NY,7854330669.0,BLACK,2016-01-01 00:00:00,DODGE,No Standing,14,0.0,8128.0
531,2014-12-11,FTE1790,NY,8018401937.0,BK,2016-01-01 00:00:00,HONDA,Covered Plate,74B,0.0,8132.0
532,2014-12-19,XANX51,NJ,7932797354.0,WHITE,8888-01-01 00:00:00,FORD,No Parking (street clean),21,0.0,8140.0
533,2014-12-04,99083MD,NY,7978215453.0,WHITE,8888-01-01 00:00:00,CHEVR,Failure to Display Muni Rec,38,0.0,8150.0
534,2014-12-10,AM726V,NJ,8008180912.0,GREEN,8888-01-01 00:00:00,FRUEH,No Stand (bus stop),19,0.0,8151.0
535,2014-12-16,AE02370,PA,8004341196.0,OTHER,8888-01-01 00:00:00,NS/OT,No Standing,14,0.0,8153.0
536,2014-12-01,20706MA,NY,7603272415.0,TN,2015-01-01 00:00:00,FORD,No Parking (street clean),21,0.0,8162.0
537,2014-12-18,GBD5548,NY,7382300328.0,GY,2016-01-01 00:00:00,BMW,No Parking (Non-COM),20A,0.0,8163.0
538,2014-12-22,EWV4145,NY,7240796152.0,BK,2016-01-01 00:00:00,CHRYS,Double Parking (Non-COM),46A,0.0,8170.0
539,2014-12-15,T921BH,FL,7794331729.0,GREY,2014-01-01 00:00:00,CHEVR,No Parking (Non-COM),20A,0.0,8198.0
540,2014-12-16,74983ME,NY,1376480463.0,WH,2016-01-01 00:00:00,FORD,,,0.0,8213.0
541,2014-12-10,X5611Y,NJ,7708719884.0,SILVE,8888-01-01 00:00:00,CHEVR,Expired Muni Meter,37,0.0,8236.0
542,2014-12-08,FYW7635,NY,8010988200.0,GY,2016-01-01 00:00:00,VOLKS,Insp Sticker Expired (NYS),71A,0.0,8244.0
543,2014-12-16,GMD8795,NY,7166277579.0,BLACK,2016-01-01 00:00:00,JEEP,Failure to Display Muni Rec,38,0.0,8262.0
544,2014-12-08,49729JG,NY,7985443071.0,BROWN,8888-01-01 00:00:00,INTER,No Standing,14,0.0,8281.0
545,2014-12-10,GGR9930,NY,7017791850.0,WH,2015-01-01 00:00:00,HONDA,Failure to Display Muni Rec,38,0.0,8298.0
546,2014-12-05,75316JA,NY,7114858334.0,WHITE,2015-01-01 00:00:00,ISUZU,No Stand (exc auth veh),17,0.0,8312.0
547,2014-12-15,GTC7544,NY,8005981764.0,WH,2016-01-01 00:00:00,CHRYS,No Parking (Non-COM),20A,0.0,8333.0
548,2014-12-31,904GVE,CO,8008880806.0,SILVE,2015-01-01 00:00:00,JEEP,Expired Muni Meter,37,0.0,8386.0
549,2014-12-31,904GVE,CO,8008880806.0,SILVE,2015-01-01 00:00:00,JEEP,Expired Muni Meter,37,0.0,8387.0
550,2014-12-31,GFW5865,NY,7526358079.0,BL,2015-01-01 00:00:00,JEEP,No Parking (street clean),21,0.0,8434.0
551,2014-12-31,GFW5865,NY,7526358079.0,BL,2015-01-01 00:00:00,JEEP,No Parking (street clean),21,0.0,8435.0
552,2014-12-26,GUV1254,NY,1374777584.0,GRAY,2016-01-01 00:00:00,CHEVR,,,0.0,8463.0
553,2014-12-26,GUV1254,NY,1374777584.0,GRAY,2016-01-01 00:00:00,CHEVR,,,0.0,8464.0
554,2014-12-02,GCK3701,NY,1363578947.0,BLUE,2016-01-01 00:00:00,HYUND,,,0.0,8468.0
555,2014-12-15,EJS1731,NY,7241541546.0,BK,2016-01-01 00:00:00,ACURA,Expired Muni Meter,37,0.0,8471.0
556,2014-12-31,JFZ0375,PA,7103184148.0,WHITE,2015-01-01 00:00:00,BMW,Failure to Display Muni Rec,38,0.0,8516.0
557,2014-12-31,JFZ0375,PA,7103184148.0,WHITE,2015-01-01 00:00:00,BMW,Failure to Display Muni Rec,38,0.0,8517.0
558,2014-12-16,T642498C,NY,7128375156.0,GREY,2015-01-01 00:00:00,TOYOT,No Parking (Non-COM),20A,0.0,8521.0
559,2014-12-18,24920JZ,NY,7750342102.0,WHITE,8888-01-01 00:00:00,CHEVR,Failure to Display Muni Rec,38,0.0,8527.0
560,2014-12-05,18224BB,NY,1375897550.0,YELLO,2015-01-01 00:00:00,FORD,,,0.0,8563.0
561,2014-12-13,900FPS,TN,8000199786.0,BLACK,2015-01-01 00:00:00,FORD,No Parking (street clean),21,0.0,8598.0
562,2014-12-11,37785MD,NY,7761481842.0,WH,2015-01-01 00:00:00,FORD,No Std (Com Veh) Com Plate,16,0.0,8599.0
563,2014-12-24,DCU5360,NY,8012278297.0,RD,2016-01-01 00:00:00,BUICK,No Parking (street clean),21,0.0,8627.0
564,2014-12-20,K76DYU,NJ,7052551925.0,BLACK,8888-01-01 00:00:00,KIA,Expired Muni Meter,37,0.0,8659.0
565,2014-12-01,XM176J,NJ,7428315360.0,WHITE,8888-01-01 00:00:00,CHEVR,Failure to Display Muni Rec,38,0.0,8663.0
566,2014-12-03,GLW2238,NY,7353556377.0,GY,2015-01-01 00:00:00,NISSA,No Parking (street clean),21,0.0,8671.0
567,2014-12-15,ELW7225,NY,1370587790.0,GREY,2016-01-01 00:00:00,VOLKS,,,0.0,8691.0
568,2014-12-26,GNT6614,NY,7759559367.0,GY,2016-01-01 00:00:00,ME/BE,No Parking (street clean),21,0.0,8714.0
569,2014-12-12,GJN8603,NY,1377272000.0,BLUE,2015-01-01 00:00:00,VOLKS,,,0.0,8718.0
570,2014-12-03,FTZ7455,NY,7033425181.0,GY,2015-01-01 00:00:00,HONDA,Expired Muni Meter,37,0.0,8739.0
571,2014-12-11,8AHRX8,CT,7126340655.0,SILVE,8888-01-01 00:00:00,JEEP,Failure to Display Muni Rec,38,0.0,8765.0
572,2014-12-30,GMR2350,NY,8025204935.0,GY,2016-01-01 00:00:00,LEXUS,No Parking (street clean),21,0.0,8769.0
573,2014-12-30,GMR2350,NY,8025204935.0,GY,2016-01-01 00:00:00,LEXUS,No Parking (street clean),21,0.0,8770.0
574,2014-12-06,GLU7266,NY,7613059388.0,WHITE,2016-01-01 00:00:00,TOYOT,Failure to Display Muni Rec,38,0.0,8801.0
575,2014-12-18,2AA748,MA,7793406795.0,GREEN,2016-01-01 00:00:00,BUICK,No Parking (street clean),21,0.0,8826.0
576,2014-12-03,39122PC,NY,7839589492.0,RDW,2015-01-01 00:00:00,PREV,Parked Bus (exc desig area),77,0.0,8842.0
577,2014-12-18,R310,NY,7765092030.0,BK,2015-01-01 00:00:00,INFIN,Expired Muni Meter,37,0.0,8876.0
578,2014-12-29,25442JP,NY,7115967969.0,BL,2016-01-01 00:00:00,TOYOT,Expired Muni Meter,37,0.0,8901.0
579,2014-12-29,25442JP,NY,7115967969.0,BL,2016-01-01 00:00:00,TOYOT,Expired Muni Meter,37,0.0,8902.0
580,2014-12-29,GST8854,NY,8010415972.0,GY,2016-01-01 00:00:00,HYUND,Insp. Sticker Missing (NYS,71,0.0,8914.0
581,2014-12-29,GST8854,NY,8010415972.0,GY,2016-01-01 00:00:00,HYUND,Insp. Sticker Missing (NYS,71,0.0,8915.0
582,2014-12-04,EBW2323,NY,7650734717.0,GY,2015-01-01 00:00:00,NISSA,Failure to Display Muni Rec,38,0.0,8949.0
583,2014-12-27,82294JX,NY,7574655728.0,WH,2016-01-01 00:00:00,CHEVR,Expired Muni Meter,37,0.0,8952.0
584,2014-12-19,F71DMB,NJ,7409955533.0,BLACK,8888-01-01 00:00:00,AUDI,Expired Muni Meter,37,0.0,8970.0
585,2014-12-17,V58EAZ,NJ,7665073657.0,GREY,8888-01-01 00:00:00,NISSA,No Standing,14,0.0,9055.0
586,2014-12-23,PEN01,NY,7575966195.0,GREEN,8888-01-01 00:00:00,MINI,No Stand (Com. Mtr. Zone),31,0.0,9070.0
587,2014-12-04,FLD1954,NY,7381145625.0,BK,2015-01-01 00:00:00,VOLVO,No Parking (street clean),21,0.0,9079.0
588,2014-12-17,GHP2967,NY,7566352313.0,GY,2015-01-01 00:00:00,CHEVR,Failure to Display Muni Rec,38,0.0,9091.0
589,2014-12-11,152856B,ME,7434339500.0,WHITE,2015-01-01 00:00:00,NS/OT,Storage-3 hour Commercial,85,0.0,9118.0
590,2014-12-02,GSU7956,NY,7701953772.0,GREY,2016-01-01 00:00:00,HONDA,No Parking (Non-COM),20A,0.0,9122.0
591,2014-12-31,FCY7543,NY,8006223865.0,BLACK,2014-01-01 00:00:00,HONDA,Reg. Sticker Expired (NYS),70A,0.0,9126.0
592,2014-12-31,FCY7543,NY,8006223865.0,BLACK,2014-01-01 00:00:00,HONDA,Reg. Sticker Expired (NYS),70A,0.0,9127.0
593,2014-12-03,FDW3245,NY,8000587543.0,SILVE,2016-01-01 00:00:00,NISSA,Insp Sticker Expired (NYS),71A,0.0,9136.0
594,2014-12-28,GMP8473,NY,7647168885.0,RD,2016-01-01 00:00:00,JEEP,Improperly Displayed Plate,74A,0.0,9137.0
595,2014-12-31,CTW7077,NY,1375061586.0,TAN,2016-01-01 00:00:00,FORD,,,0.0,9172.0
596,2014-12-31,CTW7077,NY,1375061586.0,TAN,2016-01-01 00:00:00,FORD,,,0.0,9173.0
597,2014-12-19,AWH1228,NY,7582794576.0,GR,2015-01-01 00:00:00,SUBAR,Expired Muni Meter,37,0.0,9184.0
598,2014-12-27,FXC4038,PA,7776590915.0,GREY,2014-01-01 00:00:00,CHEVR,No Parking (Non-COM),20A,0.0,9193.0
599,2014-12-17,GBC7973,NY,8017901914.0,GY,2016-01-01 00:00:00,TOYOT,No Stand (bus stop),19,0.0,9197.0
600,2014-12-30,2194698,IN,7895985723.0,WHITE,8888-01-01 00:00:00,INTER,Platform lifts in low posit,84,0.0,9199.0
601,2014-12-30,2194698,IN,7895985723.0,WHITE,8888-01-01 00:00:00,INTER,Platform lifts in low posit,84,0.0,9200.0
602,2014-12-17,49929JG,NY,7047353653.0,BROWN,8888-01-01 00:00:00,GMC,No Parking (Com Plate),20,0.0,9222.0
603,2014-12-27,1BG5357,MD,7967585951.0,BLUE,2015-01-01 00:00:00,TOYOT,Failure to Display Muni Rec,38,0.0,9233.0
604,2014-12-03,GHH1672,NY,7034158370.0,RD,2015-01-01 00:00:00,FORD,Failure to Display Muni Rec,38,0.0,9252.0
605,2014-12-14,GSU1282,NY,7909143400.0,BK,2016-01-01 00:00:00,INFIN,No Standing,14,1.0,9257.0
606,2014-12-23,ARK5496,NY,7798725544.0,BLACK,2015-01-01 00:00:00,SUBAR,Double Parking (Non-COM),46A,0.0,9258.0
607,2014-12-10,FSA4323,NY,7385855430.0,GY,2015-01-01 00:00:00,TOYOT,No Parking (street clean),21,0.0,9263.0
608,2014-12-19,59361JY,NY,1371608313.0,WH,2014-01-01 00:00:00,MACK,,,0.0,9283.0
609,2014-12-29,YRK4742,PA,8018403703.0,RED,2014-01-01 00:00:00,FORD,No Parking (Com Plate),20,0.0,9294.0
610,2014-12-29,YRK4742,PA,8018403703.0,RED,2014-01-01 00:00:00,FORD,No Parking (Com Plate),20,0.0,9295.0
611,2014-12-18,ETV1011,NY,1375980361.0,BK,2015-01-01 00:00:00,HONDA,,,0.0,9310.0
612,2014-12-18,ETV1011,NY,1375980361.0,BK,2015-01-01 00:00:00,HONDA,,,0.0,9311.0
613,2014-12-11,ZPY3243,NC,7581966033.0,WHITE,2015-01-01 00:00:00,CHEVR,No Parking (street clean),21,0.0,9315.0
614,2014-12-31,GUR4572,NY,7037679185.0,WHITE,2016-01-01 00:00:00,FORD,No Parking (street clean),21,0.0,9357.0
615,2014-12-31,GUR4572,NY,7037679185.0,WHITE,2016-01-01 00:00:00,FORD,No Parking (street clean),21,0.0,9358.0
616,2014-12-08,DCM9990,NY,1374578666.0,BLK,2015-01-01 00:00:00,FORD,,,0.0,9403.0
617,2014-12-26,GMJ5618,NY,8007378492.0,GREEN,8888-01-01 00:00:00,OLDSM,Double Parking (Non-COM),46A,0.0,9420.0
618,2014-12-19,EJH2756,NY,7034160466.0,GY,2016-01-01 00:00:00,TOYOT,Failure to Display Muni Rec,38,0.0,9439.0
619,2014-12-30,P290449,IL,7851445796.0,WHITE,8888-01-01 00:00:00,MCI,No Standing,14,1.0,9449.0
620,2014-12-30,P290449,IL,7851445796.0,WHITE,8888-01-01 00:00:00,MCI,No Standing,14,0.0,9450.0
621,2014-12-12,3191CC,CT,7064175423.0,RED,8888-01-01 00:00:00,CHEVR,Failure to Disp Muni Recpt,69,0.0,9517.0
622,2014-12-30,DJAW28,FL,7333993772.0,WHITE,2015-01-01 00:00:00,FIAT,No Parking (street clean),21,0.0,9519.0
623,2014-12-30,DJAW28,FL,7333993772.0,WHITE,2015-01-01 00:00:00,FIAT,No Parking (street clean),21,0.0,9520.0
624,2014-12-20,Y59CUY,NJ,7047810134.0,GREY,8888-01-01 00:00:00,HONDA,No Parking (street clean),21,0.0,9538.0
625,2014-12-04,GBJ4819,NY,7738731746.0,GY,2014-01-01 00:00:00,INFIN,Reg. Sticker Expired (NYS),70A,0.0,9562.0
626,2014-12-17,GKL6611,NY,7751536690.0,WH,2015-01-01 00:00:00,MITSU,Double Parking (Non-COM),46A,0.0,9600.0
627,2014-12-12,COURTNY,NY,1374894114.0,GREEN,2016-01-01 00:00:00,HONDA,,,0.0,9608.0
628,2014-12-12,C27CYC,NJ,8008483672.0,WHITE,8888-01-01 00:00:00,CADIL,Failure to Display Muni Rec,38,0.0,9613.0
629,2014-12-24,GJP2908,NY,7744282954.0,BR,2015-01-01 00:00:00,TOYOT,Double Parking (Non-COM),46A,0.0,9619.0
630,2014-12-15,EKF5332,NY,7096370110.0,GR,2016-01-01 00:00:00,MITSU,No Parking (street clean),21,0.0,9623.0
631,2014-12-12,FMS5883,NY,7779457590.0,BK,2015-01-01 00:00:00,FORD,Expired Muni Meter,37,0.0,9626.0
632,2014-12-17,BMG7795,NY,7717180297.0,BK,2016-01-01 00:00:00,NISSA,No Parking (Non-COM),20A,0.0,9671.0
633,2014-12-01,2140317,IN,7044178182.0,WHITE,2014-01-01 00:00:00,FRUEH,Angle Parking,60,0.0,9701.0
634,2014-12-26,ARF9401,NY,7699851493.0,BL,2015-01-01 00:00:00,HONDA,Failure to Display Muni Rec,38,0.0,9705.0
635,2014-12-03,256202T,MD,1366283235.0,WHITE,2014-01-01 00:00:00,,,,0.0,9723.0
636,2014-12-08,30472TR,NY,7060577634.0,YELLO,2014-01-01 00:00:00,INTER,Failure to Disp Muni Recpt,69,0.0,9771.0
637,2014-12-26,747VY3,MA,7302789836.0,SILVE,2014-01-01 00:00:00,MAZDA,No Parking (Non-COM),20A,1.0,9788.0
638,2014-12-17,EPG3767,NY,7650736830.0,DK/,2015-01-01 00:00:00,GMC,Expired Muni Meter,37,0.0,9791.0
639,2014-12-02,EJY9179,NY,8005386485.0,GY,2016-01-01 00:00:00,ME/BE,No Parking (street clean),21,0.0,9814.0
640,2014-12-01,BWJ2184,NY,7546350980.0,GREEN,2016-01-01 00:00:00,CHRYS,No Parking (street clean),21,0.0,9873.0
641,2014-12-07,GAC8357,NY,1362723551.0,BLACK,2016-01-01 00:00:00,HONDA,,,0.0,9880.0
642,2014-12-17,J34ELZ,NJ,7618476214.0,GREY,8888-01-01 00:00:00,VOLKS,No Standing,14,0.0,9885.0
643,2014-12-16,J100325,NJ,7324794841.0,BLACK,8888-01-01 00:00:00,GMC,Expired Muni Meter,37,1.0,9896.0
644,2014-12-16,GAK4914,NY,7329112562.0,BK,2016-01-01 00:00:00,NISSA,Expired Muni Meter,37,0.0,9941.0
645,2014-12-17,GEF8206,NY,8005637809.0,GR,2015-01-01 00:00:00,NISSA,Insp Sticker Expired (NYS),71A,0.0,9950.0
646,2014-12-01,XW346T,NJ,7559903939.0,YELLO,2014-01-01 00:00:00,FORD,No Std (Com Veh) Com Plate,16,0.0,9952.0
