,Summons Number,Plate ID,Issue Date,Violation code,Violation Description,Registration State,Vehicle Make,Vehicle Expiration Date,Vehicle Color,alert
0,8002531292,EPC5238,10/01/2014,21,No Parking (street clean),NY,CHEVR,01/01/20150111 12:00:00 PM,BL,0
1,8015318440,5298MD,03/06/2015,14,No Standing,NY,FRUEH,01/01/88888888 12:00:00 PM,BROWN,0
2,7611181981,FYW2775,07/28/2014,46A,Double Parking (Non-COM),NY,SUBAR,01/01/20160524 12:00:00 PM,BLACK,0
3,7445908067,GWE1987,04/13/2015,19,No Stand (bus stop),NY,LEXUS,01/01/20170111 12:00:00 PM,GY,0
4,7037692864,T671196C,05/19/2015,19,No Stand (bus stop),NY,CHRYS,01/01/88888888 12:00:00 PM,BLACK,0
5,7704791394,JJF6834,11/20/2014,21,No Parking (street clean),PA,NISSA,01/01/20150688 12:00:00 PM,WHITE,0
6,7541599104,FYP8263,08/01/2014,21,No Parking (street clean),NY,HONDA,01/01/20160605 12:00:00 PM,BK,0
7,7443513951,FZL7450,07/19/2014,71A,Insp Sticker Expired (NYS),NY,VOLVO,01/01/20140927 12:00:00 PM,GR,0
8,7426321423,86318MA,09/23/2014,69,Failure to Disp Muni Recpt,NY,CHEVR,01/01/20150720 12:00:00 PM,WH,0
9,8017159560,GKX8095,01/20/2015,71A,Insp Sticker Expired (NYS),NY,LEXUS,01/01/20151207 12:00:00 PM,GREEN,0
10,8017159560,GKX8095,01/20/2015,71A,Insp Sticker Expired (NYS),NY,LEXUS,01/01/20151207 12:00:00 PM,GREEN,0
11,7002571382,CXT8949,02/17/2015,20A,No Parking (Non-COM),TX,MAZDA,01/01/88880088 12:00:00 PM,WHITE,0
12,7939966900,GSR4914,05/05/2015,20A,No Parking (Non-COM),NY,DODGE,01/01/20160911 12:00:00 PM,SILVE,0
13,7704167637,XBVP75,10/21/2014,16,No Std (Com Veh) Com Plate,NJ,FORD,01/01/20140088 12:00:00 PM,WHITE,0
14,7095480941,AP515N,08/21/2014,85,Storage-3 hour Commercial,NJ,FRUEH,01/01/88888888 12:00:00 PM,WHITE,0
15,7831181295,16238TC,08/07/2014,14,No Standing,NY,PETER,01/01/20150430 12:00:00 PM,BLUE,0
16,8007006229,122YEZ,08/26/2014,21,No Parking (street clean),CT,NISSA,01/01/20140088 12:00:00 PM,TAN,0
17,1369109532,65920JW,06/23/2014,,,NY,MERCU,01/01/20141031 12:00:00 PM,BROWN,0
18,7580650400,GBU2135,09/24/2014,71A,Insp Sticker Expired (NYS),NY,HONDA,01/01/20160816 12:00:00 PM,WH,0
19,7420795630,6AJWV5,10/04/2014,37,Expired Muni Meter,CT,FORD,01/01/88880088 12:00:00 PM,BLACK,0
20,1379105602,GDL7305,01/21/2015,,,NY,TOYOT,01/01/20150105 12:00:00 PM,GRAY,0
21,7054223901,58359MD,03/26/2015,42,Exp. Muni-Mtr (Com. Mtr. Z),NY,FORD,01/01/20150831 12:00:00 PM,BL,0
22,8011213386,60304MD,10/06/2014,46B,Double Parking (Com-100Ft),NY,FRUEH,01/01/88888888 12:00:00 PM,BROWN,0
23,7997989572,GJP9663,01/24/2015,20A,No Parking (Non-COM),NY,NISSA,01/01/20151029 12:00:00 PM,BK,0
24,7997989572,GJP9663,01/24/2015,20A,No Parking (Non-COM),NY,NISSA,01/01/20151029 12:00:00 PM,BK,0
25,7097098715,G78DLL,03/11/2015,38,Failure to Display Muni Rec,NJ,BMW,01/01/88888888 12:00:00 PM,GREY,0
26,7787591079,GKP6078,11/19/2014,20A,No Parking (Non-COM),NY,CHRYS,01/01/20151126 12:00:00 PM,GL,0
27,8023905028,GAR6688,02/24/2015,20A,No Parking (Non-COM),NY,MAZDA,01/01/20161108 12:00:00 PM,TN,0
28,1369992300,1545236,08/20/2014,,,ME,,01/01/20150228 12:00:00 PM,SILVE,0
29,7359154236,M80ANH,11/14/2014,37,Expired Muni Meter,NJ,ACURA,01/01/88888888 12:00:00 PM,RED,0
30,7950697490,25X944,12/23/2014,46B,Double Parking (Com-100Ft),OK,INTER,01/01/20140088 12:00:00 PM,WHITE,0
31,1371360765,36913MA,09/15/2014,,,NY,HINO,01/01/20150630 12:00:00 PM,WHITE,0
32,8035700765,GKB7155,06/09/2015,21,No Parking (street clean),NY,CHRYS,01/01/20160224 12:00:00 PM,BR,0
33,7766334392,CJP1169,09/05/2014,37,Expired Muni Meter,NY,NISSA,01/01/20150325 12:00:00 PM,BLACK,0
34,7744281500,EYB8055,12/18/2014,21,No Parking (street clean),NY,TOYOT,01/01/20160402 12:00:00 PM,GY,0
35,8021902164,96313JE,04/07/2015,46B,Double Parking (Com-100Ft),NY,ISUZU,01/01/20151231 12:00:00 PM,WH,0
36,7579558312,60154JZ,09/11/2014,89,No Stand Exc Com Plate,NY,CHEVR,01/01/20160331 12:00:00 PM,WH,0
37,7006621586,FFE3632,08/12/2014,38,Failure to Display Muni Rec,NY,TOYOT,01/01/88888888 12:00:00 PM,BROWN,0
38,7567693926,GSM7092,07/14/2014,21,No Parking (street clean),NY,HONDA,01/01/20140818 12:00:00 PM,BLACK,0
39,8013576309,44189JW,01/21/2015,71A,Insp Sticker Expired (NYS),NY,FORD,01/01/20150131 12:00:00 PM,WH,0
40,8013576309,44189JW,01/21/2015,71A,Insp Sticker Expired (NYS),NY,FORD,01/01/20150131 12:00:00 PM,WH,0
41,7540622817,G98BVF,09/09/2014,37,Expired Muni Meter,NJ,DODGE,01/01/88888888 12:00:00 PM,SILVE,0
42,7468795666,33451MB,05/26/2015,21,No Parking (street clean),NY,FORD,01/01/20161024 12:00:00 PM,RED,0
43,7665067440,JFS9782,11/29/2014,38,Failure to Display Muni Rec,PA,AUDI,01/01/20150188 12:00:00 PM,WHITE,0
44,7236306897,18846MC,07/31/2014,14,No Standing,NY,NS/OT,01/01/20150430 12:00:00 PM,WHITE,0
45,7553907455,W73DRS,01/12/2015,21,No Parking (street clean),NJ,NISSA,01/01/88888888 12:00:00 PM,TAN,0
46,7553907455,W73DRS,01/12/2015,21,No Parking (street clean),NJ,NISSA,01/01/88888888 12:00:00 PM,TAN,0
47,7557194007,CME3770,12/11/2014,71A,Insp Sticker Expired (NYS),NY,SUBAR,01/01/20150604 12:00:00 PM,GY,0
48,7166745757,GEB3048,08/25/2014,38,Failure to Display Muni Rec,NY,HYUND,01/01/20150114 12:00:00 PM,GY,0
49,8005280350,55065MB,11/24/2014,69,Failure to Disp Muni Recpt,NY,WORKH,01/01/88888888 12:00:00 PM,BROWN,0
50,7758777260,GLY1430,01/03/2015,14,No Standing,NY,TOYOT,01/01/20160309 12:00:00 PM,GY,0
51,7758777260,GLY1430,01/03/2015,14,No Standing,NY,TOYOT,01/01/20160309 12:00:00 PM,GY,0
52,7846676386,75455MC,07/28/2014,42,Exp. Muni-Mtr (Com. Mtr. Z),NY,MITSU,01/01/20151231 12:00:00 PM,WH,0
53,7576361815,EDT9406,01/21/2015,71A,Insp Sticker Expired (NYS),NY,PORSC,01/01/20151023 12:00:00 PM,BLACK,0
54,7576361815,EDT9406,01/21/2015,71A,Insp Sticker Expired (NYS),NY,PORSC,01/01/20151023 12:00:00 PM,BLACK,0
55,8035751074,GXM6310,05/30/2015,37,Expired Muni Meter,NY,SUBAR,01/01/20170507 12:00:00 PM,BK,0
56,7055049702,XU399F,05/09/2015,14,No Standing,NJ,UD,01/01/88880088 12:00:00 PM,SILVE,0
57,7715539594,62417JM,10/29/2014,20,No Parking (Com Plate),NY,INTER,01/01/88888888 12:00:00 PM,BROWN,0
58,8017257454,GRD8338,12/05/2014,21,No Parking (street clean),NY,HONDA,01/01/20160521 12:00:00 PM,GY,0
59,7799971009,FPJ1465,08/28/2014,38,Failure to Display Muni Rec,NY,LEXUS,01/01/20150811 12:00:00 PM,LTG,0
60,8024714814,GVJ6924,05/12/2015,21,No Parking (street clean),NY,NISSA,01/01/20170104 12:00:00 PM,GY,0
61,8018677712,T653918C,05/21/2015,21,No Parking (street clean),NY,TOYOT,01/01/20150731 12:00:00 PM,WH,0
62,7578730459,GKZ9055,11/21/2014,21,No Parking (street clean),NY,ACURA,01/01/20160101 12:00:00 PM,WH,0
63,7793554656,81091MB,09/09/2014,37,Expired Muni Meter,NY,NS/OT,01/01/20160104 12:00:00 PM,GREEN,0
64,1375236910,GJS5597,09/23/2014,,,NY,HONDA,01/01/20150807 12:00:00 PM,BK,0
65,7211165765,ETU5293,11/04/2014,38,Failure to Display Muni Rec,NY,LEXUS,01/01/20150812 12:00:00 PM,BK,0
66,8018711094,EWT8528,05/28/2015,37,Expired Muni Meter,NY,HONDA,01/01/20160222 12:00:00 PM,GY,0
67,1367471345,GSE2596,08/09/2014,,,NY,TOYOT,01/01/20160729 12:00:00 PM,WH,0
68,7006635950,GMW4217,04/02/2015,71A,Insp Sticker Expired (NYS),NY,ME/BE,01/01/20160307 12:00:00 PM,BLACK,0
69,7012261912,87628MC,12/19/2014,40,Fire Hydrant,NY,INTER,01/01/20150228 12:00:00 PM,RD,0
70,8007021619,DT50359,12/19/2014,21,No Parking (street clean),AL,ME/BE,01/01/20151188 12:00:00 PM,BLACK,0
71,7988181105,DLM5398,12/05/2014,21,No Parking (street clean),NY,HONDA,01/01/20151124 12:00:00 PM,WH,0
72,7985378662,AP580Z,11/18/2014,84,Platform lifts in low posit,NJ,FRUEH,01/01/88888888 12:00:00 PM,WHITE,0
73,7565529965,81651JN,07/23/2014,48,Bike Lane,NY,INTER,01/01/20141130 12:00:00 PM,WHITE,0
74,7969133666,FYK4168,11/24/2014,38,Failure to Display Muni Rec,NY,TOYOT,01/01/20160320 12:00:00 PM,WH,0
75,7715546963,AM871N,12/24/2014,14,No Standing,NJ,INTER,01/01/88888888 12:00:00 PM,GREEN,0
76,7811447563,C88DJT,08/30/2014,20A,No Parking (Non-COM),NJ,NISSA,01/01/88888888 12:00:00 PM,BLACK,0
77,7231151954,FZD9325,05/12/2015,21,No Parking (street clean),NY,NISSA,01/01/20160423 12:00:00 PM,GY,0
78,7322602833,FZL8838,04/21/2015,21,No Parking (street clean),NY,NS/OT,01/01/88888888 12:00:00 PM,BLACK,0
79,7253931865,HS8919,03/11/2015,38,Failure to Display Muni Rec,NJ,FORD,01/01/88888888 12:00:00 PM,SILVE,0
80,7982623451,DTJ1619,08/28/2014,38,Failure to Display Muni Rec,NY,TOYOT,01/01/20150821 12:00:00 PM,WHITE,0
81,7322394872,GFL2098,12/16/2014,21,No Parking (street clean),NY,ME/BE,01/01/20150407 12:00:00 PM,GY,0
82,7487409983,EBF1693,12/10/2014,38,Failure to Display Muni Rec,NY,ACURA,01/01/20160228 12:00:00 PM,SILVE,0
83,8014364727,G75DWB,01/28/2015,40,Fire Hydrant,NJ,BUICK,01/01/88888888 12:00:00 PM,GREY,0
84,7831182380,91414MD,08/13/2014,69,Failure to Disp Muni Recpt,NY,INTER,01/01/20150131 12:00:00 PM,WH,0
85,1366539345,FYB2774,07/01/2014,,,NY,HONDA,01/01/20140521 12:00:00 PM,BLACK,0
86,7291434270,D12DKZ,07/14/2014,38,Failure to Display Muni Rec,NJ,SUBAR,01/01/88888888 12:00:00 PM,BLUE,0
87,7753938370,FMT2474,08/29/2014,19,No Stand (bus stop),NY,TOYOT,01/01/20151026 12:00:00 PM,GR,0
88,7999196228,HLN3387,08/05/2014,21,No Parking (street clean),PA,HONDA,01/01/20150688 12:00:00 PM,SILVE,0
89,8007539610,18580MG,02/12/2015,38,Failure to Display Muni Rec,NY,UD,01/01/20151031 12:00:00 PM,WH,0
90,7072228573,74380JF,07/08/2014,47,Double PKG-Midtown,NY,FRUEH,01/01/20140930 12:00:00 PM,RD,0
91,8007812362,61508MC,11/28/2014,37,Expired Muni Meter,NY,FORD,01/01/20150131 12:00:00 PM,WH,0
92,1378109041,ETP8135,11/10/2014,,,NY,NISSA,01/01/20150817 12:00:00 PM,WH,0
93,7215146558,FWF7853,07/07/2014,38,Failure to Display Muni Rec,NY,HONDA,01/01/20150419 12:00:00 PM,GREY,0
94,7719036463,24705MB,01/28/2015,37,Expired Muni Meter,NY,MITSU,01/01/20160131 12:00:00 PM,WHITE,0
95,7060593627,2119313,03/09/2015,84,Platform lifts in low posit,IN,FRUEH,01/01/88880088 12:00:00 PM,WHITE,0
96,7904510741,FSR4824,10/26/2014,14,No Standing,PA,DODGE,01/01/20150788 12:00:00 PM,GREY,0
97,7800337388,52732MC,11/21/2014,82,Unaltered Commerc Vehicle,NY,JEEP,01/01/20151031 12:00:00 PM,BK,1
98,1368841090,T621450C,11/20/2014,,,NY,CHEVR,01/01/20150331 12:00:00 PM,BK,0
99,7691548266,GTJ3754,12/25/2014,71,Insp. Sticker Missing (NYS,NY,BMW,01/01/20161029 12:00:00 PM,BL,0
100,7094378518,FLL6751,06/26/2014,21,No Parking (street clean),NY,ACURA,01/01/20150504 12:00:00 PM,GREY,0
101,7440791903,GVV2441,02/06/2015,38,Failure to Display Muni Rec,NY,HONDA,01/01/20170106 12:00:00 PM,BK,0
102,7887951800,AN922T,06/25/2015,84,Platform lifts in low posit,NJ,PETER,01/01/88888888 12:00:00 PM,WHITE,0
103,1371485276,GEW9636,08/09/2014,,,NY,DODGE,01/01/20160325 12:00:00 PM,BLUE,0
104,8023566775,GMW8673,05/01/2015,21,No Parking (street clean),NY,SUBAR,01/01/20160314 12:00:00 PM,GY,0
105,7737910621,JCL1966,12/05/2014,21,No Parking (street clean),PA,INFIN,01/01/20141088 12:00:00 PM,GREY,0
106,7295562072,GGF5637,09/07/2014,71A,Insp Sticker Expired (NYS),NY,TOYOT,01/01/20150808 12:00:00 PM,GY,0
107,8024851064,DWE1387,03/11/2015,37,Expired Muni Meter,NY,BMW,01/01/20161024 12:00:00 PM,BK,0
108,7897987036,28665PC,06/28/2014,19,No Stand (bus stop),NY,FRUEH,01/01/20150430 12:00:00 PM,RED,0
109,7662244076,66111JW,03/25/2015,51,Sidewalk,NY,WORKH,01/01/88888888 12:00:00 PM,BROWN,0
110,7887930730,48549JW,01/07/2015,69,Failure to Disp Muni Recpt,NY,FORD,01/01/20160630 12:00:00 PM,WH,0
111,7887930730,48549JW,01/07/2015,69,Failure to Disp Muni Recpt,NY,FORD,01/01/20160630 12:00:00 PM,WH,0
112,7381691012,986ZGB,02/26/2015,38,Failure to Display Muni Rec,CT,CHEVR,01/01/20150088 12:00:00 PM,SILVE,0
113,7029127857,B47ENR,06/16/2015,20A,No Parking (Non-COM),NJ,JEEP,01/01/88888888 12:00:00 PM,RED,0
114,8028903850,S81ATV,03/30/2015,74A,Improperly Displayed Plate,NJ,TOYOT,01/01/88888888 12:00:00 PM,BLACK,0
115,7099490588,42808JZ,07/19/2014,17,No Stand (exc auth veh),NY,GMC,01/01/88888888 12:00:00 PM,WHITE,0
116,7047383785,EXS3290,05/27/2015,16A,No Std (Com Veh) Non-COM,NY,LEXUS,01/01/20160504 12:00:00 PM,GY,0
117,1372046290,ADD7203,11/10/2014,,,NY,HONDA,01/01/20150418 12:00:00 PM,GY,0
118,7818597608,CPF6528,02/15/2015,17,No Stand (exc auth veh),NY,NISSA,01/01/20150730 12:00:00 PM,BK,0
119,7008624748,JSM5749,11/26/2014,40,Fire Hydrant,PA,VOLVO,01/01/20140088 12:00:00 PM,BLUE,0
120,7613059390,EEV1682,12/06/2014,38,Failure to Display Muni Rec,NY,HONDA,01/01/20151101 12:00:00 PM,SILVE,0
121,7163117346,ACT4918,08/14/2014,20A,No Parking (Non-COM),NC,FORD,01/01/20150588 12:00:00 PM,BLACK,0
122,7773113440,246ZSK,05/17/2015,14,No Standing,CT,HONDA,01/01/20150088 12:00:00 PM,BLACK,0
123,1381130574,GLS5435,05/03/2015,,,NY,NISSA,01/01/20151113 12:00:00 PM,BK,0
124,7390770430,E64EAK,04/13/2015,37,Expired Muni Meter,NJ,HONDA,01/01/88888888 12:00:00 PM,SILVE,0
125,8001662895,BZA3074,11/25/2014,16A,No Std (Com Veh) Non-COM,NY,CHRYS,01/01/20160912 12:00:00 PM,BK,0
126,7055345777,30684KA,07/03/2014,47,Double PKG-Midtown,NY,ISUZU,01/01/20151231 12:00:00 PM,WH,0
127,1377566353,FPE8144,02/06/2015,,,NY,HYUND,01/01/20150321 12:00:00 PM,GRAY,0
128,7442734261,BHV8865,07/02/2014,21,No Parking (street clean),NY,NS/OT,01/01/20160607 12:00:00 PM,RED,0
129,8024556108,GXX9973,06/21/2015,40,Fire Hydrant,NY,ME/BE,01/01/20170531 12:00:00 PM,BK,0
130,1377069310,FFD8782,10/18/2014,,,NY,CHEVR,01/01/20141018 12:00:00 PM,WHITE,0
131,7335198197,EXP7988,08/03/2014,20A,No Parking (Non-COM),NY,DODGE,01/01/20160328 12:00:00 PM,BK,0
132,7980693826,AN306T,06/22/2015,47,Double PKG-Midtown,NJ,NS/OT,01/01/88888888 12:00:00 PM,WHITE,1
133,7299969592,RSR547,08/14/2014,46A,Double Parking (Non-COM),MA,SUBAR,01/01/20160788 12:00:00 PM,GREEN,0
134,7911129988,9AHPJ9,08/01/2014,31,No Stand (Com. Mtr. Zone),CT,JEEP,01/01/88880088 12:00:00 PM,LAVEN,0
135,1373825571,GFM3768,08/01/2014,,,NY,BMW,01/01/20150424 12:00:00 PM,BL,0
136,7887179804,DXD9387,09/14/2014,16A,No Std (Com Veh) Non-COM,NY,HONDA,01/01/20150131 12:00:00 PM,WHITE,0
137,7053450260,75467MC,12/17/2014,47,Double PKG-Midtown,NY,MITSU,01/01/20141231 12:00:00 PM,WH,0
138,7059291301,66647KA,07/16/2014,20,No Parking (Com Plate),NY,FORD,01/01/20160531 12:00:00 PM,WH,0
139,7686364550,23046MD,05/15/2015,19,No Stand (bus stop),NY,FRUEH,01/01/20160430 12:00:00 PM,WH,0
140,7820799067,AF851U,11/17/2014,14,No Standing,NJ,MACK,01/01/88888888 12:00:00 PM,OTHER,0
141,7929472590,62632JD,03/12/2015,46B,Double Parking (Com-100Ft),NY,INTER,01/01/20150531 12:00:00 PM,RED,0
142,7779989239,P132083,01/30/2015,66,Detached Trailer,IN,NS/OT,01/01/88880088 12:00:00 PM,GREY,0
143,7927555753,2RL397,06/29/2015,40,Fire Hydrant,OK,FORD,01/01/88880088 12:00:00 PM,WHITE,0
144,7929999350,VAD73J,05/01/2015,37,Expired Muni Meter,NJ,TOYOT,01/01/88888888 12:00:00 PM,SILVE,0
145,8042811767,GJM7331,06/23/2015,14,No Standing,NY,HONDA,01/01/20150930 12:00:00 PM,RD,0
146,7359162294,AXW8175,12/20/2014,38,Failure to Display Muni Rec,GA,HONDA,01/01/20140088 12:00:00 PM,GREY,0
147,7909166874,5BNL532,06/01/2015,21,No Parking (street clean),CA,VOLKS,01/01/20150088 12:00:00 PM,RED,0
148,7546356799,21704MG,02/23/2015,38,Failure to Display Muni Rec,NY,KENWO,01/01/20160131 12:00:00 PM,WHITE,0
149,7304393786,63398JM,07/14/2014,51,Sidewalk,NY,GMC,01/01/88888888 12:00:00 PM,BROWN,0
150,7098650717,T518319C,06/20/2015,37,Expired Muni Meter,NY,LINCO,01/01/20160331 12:00:00 PM,TN,0
151,1371162438,FPJ1829,10/17/2014,,,NY,HONDA,01/01/20150809 12:00:00 PM,BLK,0
152,7933595054,PGQ1276,10/24/2014,38,Failure to Display Muni Rec,OH,DODGE,01/01/20140088 12:00:00 PM,PURPL,0
153,7940366609,FWF5011,10/14/2014,71A,Insp Sticker Expired (NYS),NY,NISSA,01/01/20160209 12:00:00 PM,GY,0
154,7978661817,63443JM,08/29/2014,38,Failure to Display Muni Rec,NY,INTER,01/01/88888888 12:00:00 PM,BROWN,0
155,7826505057,2028689,07/30/2014,84,Platform lifts in low posit,IN,FRUEH,01/01/88880088 12:00:00 PM,BLACK,0
156,8017312052,GFD5936,03/13/2015,70A,Reg. Sticker Expired (NYS),NY,TOYOT,01/01/20150308 12:00:00 PM,TN,0
157,8025260781,EGM2924,06/12/2015,20A,No Parking (Non-COM),NY,MITSU,01/01/20160413 12:00:00 PM,GY,0
158,7839978903,69195JZ,09/24/2014,42,Exp. Muni-Mtr (Com. Mtr. Z),NY,MITSU,01/01/20160731 12:00:00 PM,RD,0
159,7895959736,88920MB,08/31/2014,46B,Double Parking (Com-100Ft),NY,FRUEH,01/01/20141130 12:00:00 PM,BK,0
160,1381851332,ERL6093,05/09/2015,,,NY,MAZDA,01/01/20170304 12:00:00 PM,GY,0
161,7044490499,54799JG,08/12/2014,18,No Stand (bus lane),NY,FORD,01/01/20151231 12:00:00 PM,WH,0
162,7564374019,GFW9912,08/12/2014,20A,No Parking (Non-COM),NY,MAZDA,01/01/20150321 12:00:00 PM,GREY,0
163,7030989776,L30ETD,10/30/2014,19,No Stand (bus stop),NJ,NISSA,01/01/88888888 12:00:00 PM,BLACK,0
164,1354183642,11452ME,06/23/2015,,,NY,FORD,01/01/20170630 12:00:00 PM,WH,1
165,8027757988,GSA1140,06/13/2015,71,Insp. Sticker Missing (NYS,NY,CHRYS,01/01/20160910 12:00:00 PM,WH,0
166,7950691475,67764JR,11/10/2014,38,Failure to Display Muni Rec,NY,INTER,01/01/20141231 12:00:00 PM,WHITE,0
167,7662640474,ACD3800,03/12/2015,46A,Double Parking (Non-COM),NY,NISSA,01/01/20150404 12:00:00 PM,BLACK,0
168,7665049023,GHE7873,09/15/2014,21,No Parking (street clean),NY,GMC,01/01/20150828 12:00:00 PM,GR,0
169,8022926437,1JC665,06/23/2015,21,No Parking (street clean),MA,CHEVR,01/01/20160588 12:00:00 PM,GREEN,0
170,7001084840,DPK4617,02/26/2015,38,Failure to Display Muni Rec,NY,SUBAR,01/01/20160417 12:00:00 PM,GY,0
171,7992686664,GFK6412,04/29/2015,71A,Insp Sticker Expired (NYS),NY,NISSA,01/01/20170217 12:00:00 PM,GY,0
172,7208349824,610133,07/09/2014,51,Sidewalk,NY,CHEVR,01/01/20160520 12:00:00 PM,BK,0
173,7889171055,188WEU,03/11/2015,31,No Stand (Com. Mtr. Zone),CT,SUZUK,01/01/88880088 12:00:00 PM,OTHER,0
174,7089578320,GVK7857,03/04/2015,70,Reg. Sticker Missing (NYS),NY,BMW,01/01/88888888 12:00:00 PM,BLUE,0
175,7557956060,S364CA,01/26/2015,38,Failure to Display Muni Rec,NY,BMW,01/01/20150515 12:00:00 PM,SILVE,0
176,7557956060,S364CA,01/26/2015,38,Failure to Display Muni Rec,NY,BMW,01/01/20150515 12:00:00 PM,SILVE,0
177,8010600520,GKP1988,07/28/2014,14,No Standing,NY,BMW,01/01/20150929 12:00:00 PM,WH,0
178,7969135547,DRX2540,01/26/2015,38,Failure to Display Muni Rec,NY,TOYOT,01/01/20160530 12:00:00 PM,GOLD,0
179,7969135547,DRX2540,01/26/2015,38,Failure to Display Muni Rec,NY,TOYOT,01/01/20160530 12:00:00 PM,GOLD,0
180,7092099663,GSN3439,04/30/2015,21,No Parking (street clean),NY,MERCU,01/01/20160715 12:00:00 PM,GY,0
181,7094190815,AMC8458,09/30/2014,20A,No Parking (Non-COM),NY,HONDA,01/01/20150408 12:00:00 PM,TN,0
182,7265948488,DEB6195,11/21/2014,74,Missing Display Plate,NY,HUMME,01/01/20160507 12:00:00 PM,BK,0
183,8030852095,GVA9768,05/26/2015,74B,Covered Plate,NY,ACURA,01/01/20170511 12:00:00 PM,BK,0
184,7990337228,A634298,09/17/2014,37,Expired Muni Meter,KS,CHRYS,01/01/20141088 12:00:00 PM,GREEN,0
185,7739161421,GTR8180,12/18/2014,21,No Parking (street clean),NY,SMART,01/01/20160930 12:00:00 PM,GY,0
186,7968288265,WBB45L,06/24/2015,14,No Standing,NJ,LINCO,01/01/88888888 12:00:00 PM,WHITE,0
187,8011803694,EMK4073,08/20/2014,21,No Parking (street clean),NY,ROVER,01/01/20141027 12:00:00 PM,BK,0
188,7121122248,FFW3299,11/18/2014,71A,Insp Sticker Expired (NYS),NY,ACURA,01/01/20161102 12:00:00 PM,RD,0
189,7888345608,84T5494,07/11/2014,31,No Stand (Com. Mtr. Zone),TX,GMC,01/01/20140888 12:00:00 PM,GREEN,0
190,7144108852,GPH9261,02/12/2015,38,Failure to Display Muni Rec,NY,HONDA,01/01/20160411 12:00:00 PM,WH,0
191,1374632776,T655967C,10/27/2014,,,NY,LINCO,01/01/20150630 12:00:00 PM,BLACK,0
192,1371150187,FZB9094,06/22/2014,,,NY,INFIN,01/01/20140601 12:00:00 PM,SLVR,0
193,7658102878,26897ME,07/07/2014,14,No Standing,NY,DODGE,01/01/20160310 12:00:00 PM,WH,0
194,7663451200,BXRK02,05/16/2015,37,Expired Muni Meter,FL,SCION,01/01/88880088 12:00:00 PM,WHITE,0
195,8006959262,T624605C,08/14/2014,21,No Parking (street clean),NY,TOYOT,01/01/20140731 12:00:00 PM,BK,0
196,1377311818,GPP8080,03/08/2015,,,99,MITSU,01/01/20150228 12:00:00 PM,SILVE,0
197,1379072736,23120MG,03/07/2015,,,NY,MJ/FY,01/01/20161031 12:00:00 PM,WHITE,0
198,7307948242,42866JM,03/05/2015,37,Expired Muni Meter,NY,INFIN,01/01/88888888 12:00:00 PM,BROWN,0
199,8015673574,GNV6650,05/09/2015,16A,No Std (Com Veh) Non-COM,NY,FORD,01/01/20160228 12:00:00 PM,WHITE,0
200,7752342853,GBE2287,05/05/2015,20A,No Parking (Non-COM),NY,TOYOT,01/01/20160626 12:00:00 PM,TN,0
201,8006835640,AYG8775,01/02/2015,71A,Insp Sticker Expired (NYS),NY,NISSA,01/01/20150705 12:00:00 PM,BK,0
202,8006835640,AYG8775,01/02/2015,71A,Insp Sticker Expired (NYS),NY,NISSA,01/01/20150705 12:00:00 PM,BK,0
203,8000931424,GTN7364,03/06/2015,40,Fire Hydrant,NY,HONDA,01/01/20160831 12:00:00 PM,GY,0
204,8017762446,F47CPR,02/13/2015,46A,Double Parking (Non-COM),NJ,AUDI,01/01/88888888 12:00:00 PM,BLUE,0
205,7241918721,FTF2865,01/16/2015,14,No Standing,NY,NISSA,01/01/20150407 12:00:00 PM,BL,0
206,7241918721,FTF2865,01/16/2015,14,No Standing,NY,NISSA,01/01/20150407 12:00:00 PM,BL,0
207,8002298925,GRZ9937,04/01/2015,71A,Insp Sticker Expired (NYS),NY,NISSA,01/01/20160223 12:00:00 PM,GR,0
208,7064176919,71280MD,01/09/2015,46B,Double Parking (Com-100Ft),NY,INTER,01/01/20150731 12:00:00 PM,OTHER,0
209,7064176919,71280MD,01/09/2015,46B,Double Parking (Com-100Ft),NY,INTER,01/01/20150731 12:00:00 PM,OTHER,0
210,7713997660,DYJ9977,06/29/2015,50,Crosswalk,NY,FORD,01/01/20170305 12:00:00 PM,WHITE,0
211,7291923074,42745JZ,12/18/2014,38,Failure to Display Muni Rec,NY,UTIL,01/01/88888888 12:00:00 PM,WHITE,0
212,1379312267,GST1044,02/14/2015,,,NY,CHEVR,01/01/20160904 12:00:00 PM,WHITE,0
213,8006215510,GJY9922,11/11/2014,71A,Insp Sticker Expired (NYS),NY,TOYOT,01/01/20151016 12:00:00 PM,BR,0
214,7610989060,TRC11,03/16/2015,42,Exp. Muni-Mtr (Com. Mtr. Z),NY,CHEVR,01/01/20160228 12:00:00 PM,WH,0
215,7002227452,XAUM87,09/06/2014,38,Failure to Display Muni Rec,NJ,FORD,01/01/88880088 12:00:00 PM,WHITE,0
216,7002227452,XAUM87,09/06/2014,38,Failure to Display Muni Rec,NJ,FORD,01/01/88880088 12:00:00 PM,WHITE,0
217,7134344770,GKP6099,04/06/2015,38,Failure to Display Muni Rec,NY,NISSA,01/01/20160204 12:00:00 PM,BK,0
218,7104778330,GRJ8550,10/14/2014,46A,Double Parking (Non-COM),NY,TOYOT,01/01/20160625 12:00:00 PM,DKR,0
219,8024520813,FZM1408,03/30/2015,38,Failure to Display Muni Rec,NY,CHEVR,01/01/20161126 12:00:00 PM,BK,0
220,7627892790,U23EHW,09/06/2014,37,Expired Muni Meter,NJ,TOYOT,01/01/88888888 12:00:00 PM,BLUE,0
221,8024605788,GGZ3988,01/22/2015,20A,No Parking (Non-COM),NY,SUBAR,01/01/20150630 12:00:00 PM,GREY,0
222,8024605788,GGZ3988,01/22/2015,20A,No Parking (Non-COM),NY,SUBAR,01/01/20150630 12:00:00 PM,GREY,0
223,8013621443,GTC3018,06/19/2015,21,No Parking (street clean),NY,HONDA,01/01/20161031 12:00:00 PM,SILVE,0
224,8041703914,GUR5549,06/04/2015,40,Fire Hydrant,NY,FORD,01/01/20170112 12:00:00 PM,GR,1
225,7728312510,GST3621,04/13/2015,46A,Double Parking (Non-COM),NY,HONDA,01/01/20160924 12:00:00 PM,SILVE,0
226,8006125521,EPH1959,02/11/2015,37,Expired Muni Meter,NY,AUDI,01/01/20150211 12:00:00 PM,GY,0
227,7434322792,91445JV,08/20/2014,19,No Stand (bus stop),NY,FRUEH,01/01/88888888 12:00:00 PM,BROWN,0
228,7133863881,GFG2881,07/08/2014,21,No Parking (street clean),NY,ME/BE,01/01/20150414 12:00:00 PM,BK,0
229,7081807252,DMN1071,05/15/2015,38,Failure to Display Muni Rec,NY,HYUND,01/01/20151211 12:00:00 PM,WH,0
230,7061409575,10490MA,10/08/2014,47,Double PKG-Midtown,NY,INTER,01/01/20160930 12:00:00 PM,BL,0
231,7687075663,P316XN,12/06/2014,21,No Parking (street clean),NY,HYUND,01/01/20141222 12:00:00 PM,BLUE,0
232,8011110550,FHN4516,03/11/2015,38,Failure to Display Muni Rec,NY,ME/BE,01/01/20150617 12:00:00 PM,BK,0
233,7921831230,19122ME,02/04/2015,46B,Double Parking (Com-100Ft),NY,ME/BE,01/01/20160430 12:00:00 PM,WHITE,0
234,7993197405,GGA3607,07/25/2014,14,No Standing,NY,VOLKS,01/01/20160112 12:00:00 PM,GY,0
235,1358768511,GMZ5306,09/05/2014,,,NY,DODGE,01/01/20160309 12:00:00 PM,BLACK,0
236,1358768511,GMZ5306,09/05/2014,,,NY,DODGE,01/01/20160309 12:00:00 PM,BLACK,0
237,1358768511,GMZ5306,09/05/2014,,,NY,DODGE,01/01/20160309 12:00:00 PM,BLACK,0
238,7183564319,GEK9759,06/11/2015,21,No Parking (street clean),NY,LINCO,01/01/20170313 12:00:00 PM,BLACK,0
239,7800774284,GRJ9098,05/21/2015,21,No Parking (street clean),NY,TOYOT,01/01/20160716 12:00:00 PM,GY,0
240,7795957950,11391MB,10/30/2014,42,Exp. Muni-Mtr (Com. Mtr. Z),NY,MAZDA,01/01/20150531 12:00:00 PM,BK,0
241,8023517788,WILDLIFE,02/25/2015,38,Failure to Display Muni Rec,NY,BUICK,01/01/20160616 12:00:00 PM,WHITE,0
242,1374557584,ZEM1664,10/28/2014,,,NY,DODGE,01/01/20111122 12:00:00 PM,BROWN,0
243,1377624500,FXG1405,12/11/2014,,,NY,JEEP,01/01/20160129 12:00:00 PM,BLUE,0
244,8013770783,OXZ6251,03/10/2015,01,No Intercity Pmt Displ,NJ,NS/OT,01/01/88888888 12:00:00 PM,WHITE,0
245,7805788054,GNN6627,05/16/2015,71A,Insp Sticker Expired (NYS),NY,NISSA,01/01/20160323 12:00:00 PM,GY,0
246,7001069656,12855JY,11/19/2014,38,Failure to Display Muni Rec,NY,GMC,01/01/88888888 12:00:00 PM,WHITE,0
247,8018101103,XCDV20,12/10/2014,31,No Stand (Com. Mtr. Zone),NJ,SUZUK,01/01/88880088 12:00:00 PM,BLACK,0
248,8028205410,11723MC,03/16/2015,47,Double PKG-Midtown,NY,ISUZU,01/01/20160531 12:00:00 PM,WH,0
249,1368695504,T668612C,06/06/2015,,,NY,TOYOT,01/01/20160131 12:00:00 PM,BK,0
250,7895995923,XBXZ56,02/07/2015,14,No Standing,NJ,NS/OT,01/01/20150488 12:00:00 PM,WHITE,0
251,7774273955,JPR0739,01/08/2015,40,Fire Hydrant,PA,HONDA,01/01/20150888 12:00:00 PM,GREEN,0
252,7774273955,JPR0739,01/08/2015,40,Fire Hydrant,PA,HONDA,01/01/20150888 12:00:00 PM,GREEN,0
253,7562329904,18422ME,09/02/2014,16,No Std (Com Veh) Com Plate,NY,FORD,01/01/20160228 12:00:00 PM,BL,0
254,7856363423,T662614C,04/16/2015,20A,No Parking (Non-COM),NY,TOYOT,01/01/20151130 12:00:00 PM,GY,0
255,1363519013,FZA4038,10/19/2014,,,NY,TOYOT,01/01/20160429 12:00:00 PM,BK,0
256,7734643395,T632467C,02/07/2015,71A,Insp Sticker Expired (NYS),NY,TOYOT,01/01/20150630 12:00:00 PM,BLACK,0
257,8015682502,60266JY,06/16/2015,14,No Standing,NY,INTER,01/01/20160228 12:00:00 PM,WH,0
258,7915742360,1958563,06/13/2015,66,Detached Trailer,ME,NS/OT,01/01/20160288 12:00:00 PM,WHITE,0
259,8046300172,EWN5608,06/11/2015,21,No Parking (street clean),NY,TOYOT,01/01/20160113 12:00:00 PM,GY,0
260,7045028465,8AHSX6,07/22/2014,31,No Stand (Com. Mtr. Zone),CT,JEEP,01/01/20140088 12:00:00 PM,BLACK,0
261,7397458105,EYA3659,09/23/2014,21,No Parking (street clean),NY,ISUZU,01/01/20160401 12:00:00 PM,WH,0
262,1371318785,T429608C,10/31/2014,,,NY,LINCO,01/01/20141130 12:00:00 PM,BK,0
263,7559905602,DRG4118,12/16/2014,71A,Insp Sticker Expired (NYS),NY,TOYOT,01/01/20160605 12:00:00 PM,GY,0
264,7381022977,1AW4786,08/27/2014,21,No Parking (street clean),MD,TOYOT,01/01/20160988 12:00:00 PM,GREEN,0
265,7620460573,JLM6347,12/30/2014,40,Fire Hydrant,PA,HYUND,01/01/20140088 12:00:00 PM,GREY,0
266,7620460573,JLM6347,12/30/2014,40,Fire Hydrant,PA,HYUND,01/01/20140088 12:00:00 PM,GREY,0
267,7505150315,GDM8644,05/19/2015,71A,Insp Sticker Expired (NYS),NY,HONDA,01/01/20170114 12:00:00 PM,GY,0
268,7980229782,W201650C,03/07/2015,46A,Double Parking (Non-COM),NY,FORD,01/01/20150331 12:00:00 PM,BLACK,0
269,1384000598,22683MA,05/13/2015,,,NY,MITSU,01/01/20160630 12:00:00 PM,WH,0
270,1372675024,20241JV,08/18/2014,,,99,FORD,01/01/20151231 12:00:00 PM,YELL,0
271,1379435730,FSW8153,02/11/2015,,,NY,FORD,01/01/20150217 12:00:00 PM,BLACK,0
272,7795962671,62976JM,12/06/2014,14,No Standing,NY,INTER,01/01/88888888 12:00:00 PM,BROWN,0
273,8046007018,ELC5456,06/15/2015,21,No Parking (street clean),NY,BMW,01/01/20160815 12:00:00 PM,GREY,0
274,8026007633,50040MC,06/09/2015,40,Fire Hydrant,NY,CHEVR,01/01/20160630 12:00:00 PM,WH,0
275,7115011096,DLZ5295,12/17/2014,31,No Stand (Com. Mtr. Zone),PA,TOYOT,01/01/20150488 12:00:00 PM,GREY,0
276,7009175263,GMA9476,05/09/2015,38,Failure to Display Muni Rec,NY,FORD,01/01/20160106 12:00:00 PM,BR,0
277,7829591027,44741JA,06/15/2015,69,Failure to Disp Muni Recpt,NY,GMC,01/01/20150731 12:00:00 PM,WHITE,0
278,1377622915,GBP8250,01/28/2015,,,NY,FORD,01/01/20160930 12:00:00 PM,WH,0
279,7335946074,2028688,01/22/2015,14,No Standing,IN,FRUEH,01/01/20150088 12:00:00 PM,OTHER,0
280,7335946074,2028688,01/22/2015,14,No Standing,IN,FRUEH,01/01/20150088 12:00:00 PM,OTHER,0
281,7345472231,79648JV,02/06/2015,14,No Standing,NY,FRUEH,01/01/88888888 12:00:00 PM,BROWN,0
282,7988254406,69462MC,09/12/2014,40,Fire Hydrant,NY,DODGE,01/01/20160630 12:00:00 PM,YW,0
283,7908799978,87668MC,04/09/2015,31,No Stand (Com. Mtr. Zone),NY,TOYOT,01/01/20161130 12:00:00 PM,GY,0
284,7123309534,FWT2202,05/06/2015,21,No Parking (street clean),NY,FIAT,01/01/20161001 12:00:00 PM,BL,0
285,7103532199,CVK4131,04/04/2015,38,Failure to Display Muni Rec,NY,DODGE,01/01/20160509 12:00:00 PM,GY,0
286,7713943171,ZNC25T,10/01/2014,51,Sidewalk,NJ,JEEP,01/01/88888888 12:00:00 PM,BLACK,0
287,7307968198,EPU1676,06/27/2015,21,No Parking (street clean),NY,HONDA,01/01/20170330 12:00:00 PM,BL,0
288,7020577465,GRD2932,02/28/2015,71A,Insp Sticker Expired (NYS),NY,NISSA,01/01/20160910 12:00:00 PM,GY,0
289,7577494434,DWF5385,07/28/2014,71A,Insp Sticker Expired (NYS),NY,PONTI,01/01/20141214 12:00:00 PM,GY,0
290,7751536111,FAM9241,12/15/2014,14,No Standing,NY,ME/BE,01/01/20160601 12:00:00 PM,BK,0
291,7096357786,FEJ9189,09/16/2014,70A,Reg. Sticker Expired (NYS),NY,NISSA,01/01/20140909 12:00:00 PM,WH,0
292,1381301319,63377JL,03/25/2014,,,NY,FORD,01/01/20170131 12:00:00 PM,WH,0
293,8021519101,FFV6244,05/12/2015,38,Failure to Display Muni Rec,NY,ME/BE,01/01/20170217 12:00:00 PM,BK,0
294,8000199178,A83VLJ,12/05/2014,21,No Parking (street clean),FL,HYUND,01/01/20040988 12:00:00 PM,SILVE,0
295,7577981011,JTM8330,03/11/2015,14,No Standing,PA,DODGE,01/01/20150088 12:00:00 PM,GREY,0
296,7954229713,559YJE,06/20/2015,51,Sidewalk,ID,INFIN,01/01/88880088 12:00:00 PM,SILVE,0
297,8006806809,T93DYL,07/29/2014,14,No Standing,NJ,ME/BE,01/01/88888888 12:00:00 PM,WHITE,0
298,8017382406,EGA7421,06/08/2015,21,No Parking (street clean),NY,HONDA,01/01/20160205 12:00:00 PM,GY,0
299,7577999090,2028134,05/27/2015,14,No Standing,IN,FRUEH,01/01/20150088 12:00:00 PM,WHITE,0
300,7989031991,96130MB,08/12/2014,38,Failure to Display Muni Rec,NY,CHEVR,01/01/88888888 12:00:00 PM,WHITE,1
301,7701949823,GCZ9069,10/27/2014,37,Expired Muni Meter,NY,LEXUS,01/01/20141209 12:00:00 PM,BK,0
302,8011232496,4BT0407,05/02/2015,14,No Standing,MD,MAZDA,01/01/20161188 12:00:00 PM,GREY,0
303,7029065177,418HNV,10/03/2014,37,Expired Muni Meter,FL,TOYOT,01/01/20150988 12:00:00 PM,GREY,0
304,8022066254,GWF8768,03/11/2015,21,No Parking (street clean),NY,CHRYS,01/01/20150415 12:00:00 PM,RED,0
305,7510349539,KK582B,11/03/2014,21,No Parking (street clean),MD,VOLKS,01/01/20140088 12:00:00 PM,WHITE,0
306,7508746788,83546JU,05/08/2015,46B,Double Parking (Com-100Ft),NY,FORD,01/01/20160531 12:00:00 PM,BLACK,0
307,8008246972,GZM8302,02/05/2015,14,No Standing,PA,TOYOT,01/01/20150088 12:00:00 PM,GOLD,0
308,8017566244,HRP9447,03/16/2015,38,Failure to Display Muni Rec,PA,HONDA,01/01/20141188 12:00:00 PM,GREY,0
309,1382798489,GNW6965,05/12/2015,,,NY,NISSA,01/01/20160404 12:00:00 PM,SILVE,0
310,8015667458,13026JY,04/07/2015,14,No Standing,NY,GMC,01/01/88888888 12:00:00 PM,WHITE,0
311,8031556349,AH213R,04/22/2015,67,Blocking Ped. Ramp,NJ,MACK,01/01/88888888 12:00:00 PM,WHITE,0
312,7882355409,16157MC,04/15/2015,69,Failure to Disp Muni Recpt,NY,CHEVR,01/01/88888888 12:00:00 PM,WHITE,0
313,7253926912,GRS8571,11/26/2014,37,Expired Muni Meter,NY,KIA,01/01/20150930 12:00:00 PM,GY,0
314,7982395491,651B1W,02/03/2015,10,No Stopping,MI,INTER,01/01/20150088 12:00:00 PM,WHITE,0
315,7706979374,GVL6702,04/21/2015,98,Obstructing Driveway,NY,CHRYS,01/01/20170105 12:00:00 PM,BL,0
316,7926371038,2197027,04/03/2015,84,Platform lifts in low posit,IN,HINO,01/01/88880088 12:00:00 PM,WHITE,0
317,8006726371,XX167U,10/02/2014,48,Bike Lane,NJ,ISUZU,01/01/88880088 12:00:00 PM,WHITE,0
318,8030470393,GMB1289,05/10/2015,20A,No Parking (Non-COM),NY,HONDA,01/01/20160323 12:00:00 PM,WH,0
319,7591237123,GMV6261,08/07/2014,17,No Stand (exc auth veh),NY,TOYOT,01/01/20160227 12:00:00 PM,BL,0
320,8003790359,GPP9583,05/22/2015,38,Failure to Display Muni Rec,NY,FORD,01/01/20160803 12:00:00 PM,BL,0
321,8008006821,363DDB,08/30/2014,38,Failure to Display Muni Rec,NY,FORD,01/01/20160726 12:00:00 PM,WH,0
322,7889158350,60699MD,01/02/2015,17,No Stand (exc auth veh),NY,MITSU,01/01/20151003 12:00:00 PM,WH,0
323,7889158350,60699MD,01/02/2015,17,No Stand (exc auth veh),NY,MITSU,01/01/20151003 12:00:00 PM,WH,0
324,7528370009,CSK8388,09/05/2014,38,Failure to Display Muni Rec,NY,ME/BE,01/01/20151024 12:00:00 PM,BL,0
325,7213465983,DGB7560,11/11/2014,38,Failure to Display Muni Rec,NY,TOYOT,01/01/20150814 12:00:00 PM,BLACK,0
326,8002359495,18017MB,03/31/2015,38,Failure to Display Muni Rec,NY,WO/C,01/01/20161031 12:00:00 PM,WH,0
327,7441196024,DUZ9250,02/15/2015,19,No Stand (bus stop),NY,ACURA,01/01/20161222 12:00:00 PM,GY,0
328,7326725159,CMT5588,10/15/2014,38,Failure to Display Muni Rec,NY,HONDA,01/01/20150709 12:00:00 PM,GR,0
329,8004068698,GMK4541,10/30/2014,38,Failure to Display Muni Rec,NY,TOYOT,01/01/20160122 12:00:00 PM,GREY,0
330,8008161759,DGP2792,09/08/2014,71A,Insp Sticker Expired (NYS),NY,SATUR,01/01/20150604 12:00:00 PM,GY,0
331,7390753456,41655JM,12/19/2014,47,Double PKG-Midtown,NY,CHEVR,01/01/88888888 12:00:00 PM,WHITE,0
332,1371574807,EMW7828,09/06/2014,,,NY,LINCO,01/01/20141229 12:00:00 PM,BK,0
333,7432727600,DHW1179,01/07/2015,71A,Insp Sticker Expired (NYS),NY,ACURA,01/01/20150726 12:00:00 PM,GY,0
334,7432727600,DHW1179,01/07/2015,71A,Insp Sticker Expired (NYS),NY,ACURA,01/01/20150726 12:00:00 PM,GY,0
335,7071181949,FZB1147,05/13/2015,14,No Standing,NY,BMW,01/01/20160418 12:00:00 PM,BL,0
336,7641576990,T627030C,01/09/2015,21,No Parking (street clean),NY,LEXUS,01/01/88888888 12:00:00 PM,BLACK,0
337,7641576990,T627030C,01/09/2015,21,No Parking (street clean),NY,LEXUS,01/01/88888888 12:00:00 PM,BLACK,0
338,7706980145,FJA3041,04/24/2015,38,Failure to Display Muni Rec,NY,INFIN,01/01/20161214 12:00:00 PM,BK,0
339,8001238106,YXD1245,11/07/2014,20,No Parking (Com Plate),PA,CHEVR,01/01/20140788 12:00:00 PM,BROWN,1
340,7006646352,EAD3448,05/16/2015,37,Expired Muni Meter,NY,NISSA,01/01/20150617 12:00:00 PM,BK,0
341,7516718580,62669JM,01/09/2015,19,No Stand (bus stop),NY,FRUEH,01/01/88888888 12:00:00 PM,BROWN,0
342,7516718580,62669JM,01/09/2015,19,No Stand (bus stop),NY,FRUEH,01/01/88888888 12:00:00 PM,BROWN,0
343,7513502330,M23CNC,11/03/2014,19,No Stand (bus stop),NJ,SUBAR,01/01/88888888 12:00:00 PM,BLACK,0
344,7713884014,84251W,06/30/2015,19,No Stand (bus stop),WI,INTER,01/01/20150988 12:00:00 PM,WHITE,0
345,8011559035,GNB8573,10/29/2014,37,Expired Muni Meter,NY,NISSA,01/01/20160506 12:00:00 PM,WHITE,0
346,7059017331,XAET38,09/26/2014,50,Crosswalk,NJ,FRUEH,01/01/88880088 12:00:00 PM,SILVE,0
347,7618227093,6L90B,07/13/2014,19,No Stand (bus stop),NY,FORD,01/01/20150228 12:00:00 PM,YW,0
348,7744238217,8135824,08/23/2014,38,Failure to Display Muni Rec,NY,ACURA,01/01/20160228 12:00:00 PM,BLACK,0
349,8026067162,GFR2116,04/29/2015,70A,Reg. Sticker Expired (NYS),NY,CHEVR,01/01/20150418 12:00:00 PM,GL,0
350,7861455567,37164MD,02/10/2015,47,Double PKG-Midtown,NY,HINO,01/01/20150430 12:00:00 PM,WH,0
351,7504767955,19860PC,11/07/2014,61,Wrong Way,NY,MACK,01/01/20150531 12:00:00 PM,GREY,0
352,7097497075,876ZVA,06/20/2015,37,Expired Muni Meter,CT,TOYOT,01/01/20150088 12:00:00 PM,BLACK,0
353,7358729493,K64DFL,09/05/2014,21,No Parking (street clean),NJ,TOYOT,01/01/88888888 12:00:00 PM,BLACK,0
354,8023548505,DFZ4515,05/28/2015,21,No Parking (street clean),PA,JEEP,01/01/20150988 12:00:00 PM,BROWN,0
355,8024110246,FWG1552,04/11/2015,37,Expired Muni Meter,NY,ME/BE,01/01/20150514 12:00:00 PM,WHITE,0
356,7766951332,ESW6983,08/19/2014,71A,Insp Sticker Expired (NYS),NY,NISSA,01/01/20150615 12:00:00 PM,WH,0
357,7075789247,231YXR,05/19/2015,21,No Parking (street clean),CO,NISSA,01/01/88880088 12:00:00 PM,GREY,0
358,7951984966,XAHT15,12/05/2014,37,Expired Muni Meter,NJ,FORD,01/01/20140088 12:00:00 PM,WHITE,0
359,8007126922,FMS8177,11/18/2014,21,No Parking (street clean),NY,NISSA,01/01/20150716 12:00:00 PM,GY,0
360,8006882691,4V17A,05/21/2015,38,Failure to Display Muni Rec,NY,FORD,01/01/20151130 12:00:00 PM,YW,0
361,7753945786,BYN2920,10/11/2014,70A,Reg. Sticker Expired (NYS),NY,TOYOT,01/01/20141002 12:00:00 PM,SILVE,0
362,7791578517,6CC359,08/16/2014,38,Failure to Display Muni Rec,CT,TOYOT,01/01/88880088 12:00:00 PM,WHITE,0
363,7423492711,18397KA,05/30/2015,20,No Parking (Com Plate),NY,FORD,01/01/20151231 12:00:00 PM,WH,0
364,8007668858,GPU2013,10/19/2014,20A,No Parking (Non-COM),NY,MAZDA,01/01/20160528 12:00:00 PM,LTG,0
365,7443564995,T665434C,04/28/2015,21,No Parking (street clean),NY,HONDA,01/01/20151231 12:00:00 PM,BK,0
366,7085080607,DZT8118,09/24/2014,37,Expired Muni Meter,NY,HONDA,01/01/20150429 12:00:00 PM,BLUE,0
367,7981061910,FXD1609,11/03/2014,21,No Parking (street clean),NY,FORD,01/01/20160122 12:00:00 PM,RED,0
368,7463999737,573NIV,02/28/2015,39,Overtime PKG-Time Limt Post,FL,VOLKS,01/01/20150101 12:00:00 PM,RED,0
369,8022051652,287FW5,02/03/2015,14,No Standing,MA,FORD,01/01/20160588 12:00:00 PM,BLACK,0
370,8020827833,DY7092,03/30/2015,14,No Standing,DC,VOLKS,01/01/20151288 12:00:00 PM,BLACK,0
371,7909145706,8AHWF7,01/12/2015,17,No Stand (exc auth veh),CT,VOLKS,01/01/20150088 12:00:00 PM,GREY,0
372,7909145706,8AHWF7,01/12/2015,17,No Stand (exc auth veh),CT,VOLKS,01/01/20150088 12:00:00 PM,GREY,0
373,8012826355,GMD9390,12/13/2014,38,Failure to Display Muni Rec,NY,TOYOT,01/01/20151130 12:00:00 PM,GY,0
374,7287095506,54736MC,09/15/2014,16,No Std (Com Veh) Com Plate,NY,FORD,01/01/20140930 12:00:00 PM,WH,0
375,7695571120,AYW5237,06/28/2014,38,Failure to Display Muni Rec,NY,JEEP,01/01/20160406 12:00:00 PM,MR,0
376,8015911990,684ZBG,12/14/2014,20A,No Parking (Non-COM),CT,NISSA,01/01/20140088 12:00:00 PM,BROWN,0
377,1367765997,GAM9760,08/02/2014,,,NY,MERCU,01/01/20140618 12:00:00 PM,TAN,0
378,7291932865,64533JW,01/30/2015,38,Failure to Display Muni Rec,NY,FORD,01/01/20161130 12:00:00 PM,WH,0
379,7336342942,XAYE76,10/02/2014,14,No Standing,NJ,FORD,01/01/88880088 12:00:00 PM,WHITE,0
380,7573191200,GEP7959,07/15/2014,38,Failure to Display Muni Rec,NY,LEXUS,01/01/20150206 12:00:00 PM,GY,0
381,7979911155,FAW5692,07/16/2014,20A,No Parking (Non-COM),NY,PONTI,01/01/20160518 12:00:00 PM,GY,0
382,8012890112,GVV7509,04/07/2015,70A,Reg. Sticker Expired (NYS),NY,NISSA,01/01/20150202 12:00:00 PM,SILVE,0
383,1369525564,GMR1739,09/17/2014,,,NY,DODGE,01/01/20160310 12:00:00 PM,,0
384,1369525564,GMR1739,09/17/2014,,,NY,DODGE,01/01/20160310 12:00:00 PM,,0
385,1354378428,FYT8000,08/10/2014,,,NY,DODGE,01/01/20160501 12:00:00 PM,BK,0
386,7931443457,8KHC57,06/10/2015,20A,No Parking (Non-COM),MI,LINCO,01/01/20150088 12:00:00 PM,BLACK,0
387,8029900776,13666MD,04/07/2015,69,Failure to Disp Muni Recpt,NY,KENWO,01/01/20160331 12:00:00 PM,RD,0
388,7310199236,FSL1912,11/11/2014,38,Failure to Display Muni Rec,NY,ME/BE,01/01/20160131 12:00:00 PM,BK,0
389,7947561310,67730MC,08/19/2014,51,Sidewalk,NY,INTER,01/01/20141231 12:00:00 PM,WHITE,0
390,7032942489,2SW871,08/08/2014,84,Platform lifts in low posit,OK,INTER,01/01/88880088 12:00:00 PM,WHITE,0
391,8007288727,YPE46L,03/23/2015,38,Failure to Display Muni Rec,NJ,TOYOT,01/01/88888888 12:00:00 PM,BLACK,0
392,7616862690,L32EDD,04/06/2015,14,No Standing,NJ,HONDA,01/01/88888888 12:00:00 PM,WHITE,0
393,8017965450,EMB9488,03/09/2015,40,Fire Hydrant,NY,SUBAR,01/01/20161109 12:00:00 PM,GY,0
394,8005013929,FRZ7925,08/28/2014,38,Failure to Display Muni Rec,NY,JEEP,01/01/20151017 12:00:00 PM,BK,0
395,7187173015,41825JX,12/20/2014,53,Safety Zone,NY,WORKH,01/01/88888888 12:00:00 PM,BROWN,0
396,8027900840,85027JW,06/30/2015,20,No Parking (Com Plate),NY,CHEVR,01/01/20170331 12:00:00 PM,WH,0
397,7706758230,FYC8013,03/25/2015,21,No Parking (street clean),NY,BMW,01/01/20160531 12:00:00 PM,WH,0
398,7758799413,47803MG,06/04/2015,78,Nighttime PKG on Res Street,NY,FRUEH,01/01/20170531 12:00:00 PM,WH,0
399,7094282886,N359846,10/25/2014,37,Expired Muni Meter,CA,VOLKS,01/01/20140088 12:00:00 PM,SILVE,0
400,7760738833,40810ME,09/02/2014,21,No Parking (street clean),NY,FORD,01/01/20160131 12:00:00 PM,WH,0
401,7210732482,75086JX,10/24/2014,38,Failure to Display Muni Rec,NY,CHEVR,01/01/88888888 12:00:00 PM,WHITE,0
402,7099083820,FDY2316,08/15/2014,70A,Reg. Sticker Expired (NYS),NY,HONDA,01/01/20140810 12:00:00 PM,BLACK,0
403,7320347957,GEM5117,01/29/2015,37,Expired Muni Meter,NY,BMW,01/01/20150117 12:00:00 PM,BL,0
404,7689179794,JYC45W,09/10/2014,21,No Parking (street clean),NJ,JEEP,01/01/88888888 12:00:00 PM,GREEN,0
405,8020715150,GST5375,04/14/2015,20A,No Parking (Non-COM),NY,HONDA,01/01/20150516 12:00:00 PM,GY,0
406,8005123188,T460995C,02/10/2015,20A,No Parking (Non-COM),NY,LINCO,01/01/20150228 12:00:00 PM,BK,0
407,8022307713,GUW9545,03/16/2015,74A,Improperly Displayed Plate,NY,DODGE,01/01/20150524 12:00:00 PM,YW,0
408,7083840570,GKA2819,12/30/2014,38,Failure to Display Muni Rec,NY,GMC,01/01/20151029 12:00:00 PM,BK,0
409,7083840570,GKA2819,12/30/2014,38,Failure to Display Muni Rec,NY,GMC,01/01/20151029 12:00:00 PM,BK,0
410,7628662766,XBFC41,03/17/2015,37,Expired Muni Meter,NJ,TOYOT,01/01/88888888 12:00:00 PM,GREY,0
411,8016860760,GPF1941,05/04/2015,21,No Parking (street clean),NY,CHRYS,01/01/20160511 12:00:00 PM,GL,0
412,8043162864,28933AT,05/06/2015,14,No Standing,NY,FORD,01/01/20160630 12:00:00 PM,YW,0
413,7428334640,33724PC,03/20/2015,84,Platform lifts in low posit,NY,HINO,01/01/20150331 12:00:00 PM,WHITE,0
414,7128344275,GPT5690,08/02/2014,70,Reg. Sticker Missing (NYS),NY,CHEVR,01/01/88888888 12:00:00 PM,RED,0
415,7907418732,E50EHL,02/25/2015,14,No Standing,NJ,KIA,01/01/88888888 12:00:00 PM,GREY,0
416,7785942171,45621MB,01/30/2015,38,Failure to Display Muni Rec,NY,FRUEH,01/01/20150831 12:00:00 PM,WH,0
417,1375795594,GUU9721,12/07/2014,,,NY,FORD,01/01/20161204 12:00:00 PM,BLUE,0
418,1375795594,GUU9721,12/07/2014,,,NY,FORD,01/01/20161204 12:00:00 PM,BLUE,0
419,8001783911,GEF9998,01/28/2015,50,Crosswalk,NY,FORD,01/01/20150528 12:00:00 PM,BK,0
420,7053439355,32751JZ,10/01/2014,19,No Stand (bus stop),NY,WORKH,01/01/88888888 12:00:00 PM,BROWN,0
421,7473475680,88123,02/16/2015,38,Failure to Display Muni Rec,NY,BMW,01/01/20160816 12:00:00 PM,WH,0
422,7063796513,GMW8134,07/27/2014,20A,No Parking (Non-COM),NY,VOLKS,01/01/20160425 12:00:00 PM,BL,0
423,1382686481,DKT4456,06/06/2015,,,NY,LEXUS,01/01/20151127 12:00:00 PM,GRY,0
424,8035902740,GGF5116,06/06/2015,40,Fire Hydrant,NY,ACURA,01/01/20170616 12:00:00 PM,WH,0
425,7803230696,GJN1298,05/16/2015,20A,No Parking (Non-COM),NY,SATUR,01/01/20151003 12:00:00 PM,BK,0
426,8004073153,DLV3048,12/09/2014,37,Expired Muni Meter,NY,BMW,01/01/20151219 12:00:00 PM,WH,0
427,7882331790,47830MD,10/14/2014,14,No Standing,NY,PETER,01/01/20150430 12:00:00 PM,WHITE,0
428,8027365340,EAD9620,05/04/2015,70A,Reg. Sticker Expired (NYS),NY,HONDA,01/01/20150501 12:00:00 PM,GY,0
429,8044001293,5972UK,05/15/2015,21,No Parking (street clean),ME,VOLVO,01/01/20151088 12:00:00 PM,BLACK,0
430,7855130603,62985JM,07/14/2014,69,Failure to Disp Muni Recpt,NY,GMC,01/01/88888888 12:00:00 PM,BROWN,0
431,7788796694,JFD0543,06/22/2015,21,No Parking (street clean),PA,FORD,01/01/20150088 12:00:00 PM,WHITE,0
432,7734644326,32858ME,02/12/2015,38,Failure to Display Muni Rec,NY,GMC,01/01/20160306 12:00:00 PM,BLUE,0
433,7858362586,31197AV,06/12/2015,14,No Standing,NY,FORD,01/01/20160430 12:00:00 PM,WH,0
434,7787564386,EJK4266,07/21/2014,21,No Parking (street clean),NY,CHEVR,01/01/20160608 12:00:00 PM,GREY,0
435,7793556008,29410MD,09/13/2014,38,Failure to Display Muni Rec,NY,FORD,01/01/20150228 12:00:00 PM,WH,0
436,7118344308,FDY9120,10/15/2014,37,Expired Muni Meter,NY,CHRYS,01/01/20160923 12:00:00 PM,GL,0
437,1382830002,048WSE,06/11/2015,,,FL,TOYOT,01/01/20151231 12:00:00 PM,GREY,0
438,7098643798,3LCP80,04/09/2015,37,Expired Muni Meter,MA,NISSA,01/01/20150088 12:00:00 PM,GREY,0
439,7057886445,93832JZ,08/01/2014,21,No Parking (street clean),NY,GMC,01/01/88888888 12:00:00 PM,WHITE,0
440,8042657018,AM709V,05/28/2015,46B,Double Parking (Com-100Ft),NJ,FRUEH,01/01/88888888 12:00:00 PM,GREEN,0
441,8014936668,GPV3704,04/30/2015,14,No Standing,NY,FORD,01/01/20160528 12:00:00 PM,WH,0
442,8031202280,84067JW,02/23/2015,20,No Parking (Com Plate),NY,DODGE,01/01/20151130 12:00:00 PM,WH,0
443,8011068854,53044JA,12/26/2014,38,Failure to Display Muni Rec,NY,FORD,01/01/88888888 12:00:00 PM,WHITE,0
444,7357344472,N63EDS,07/29/2014,20A,No Parking (Non-COM),NJ,CHEVR,01/01/88888888 12:00:00 PM,WHITE,0
445,7104784251,GLS6841,11/13/2014,21,No Parking (street clean),NY,INFIN,01/01/20151229 12:00:00 PM,WH,0
446,7047842779,GXR9268,06/18/2015,74A,Improperly Displayed Plate,NY,ME/BE,01/01/20170329 12:00:00 PM,BK,1
447,8017367661,GRJ8074,04/07/2015,21,No Parking (street clean),NY,FORD,01/01/20160702 12:00:00 PM,WH,0
448,7003801358,ETC9482,10/04/2014,71A,Insp Sticker Expired (NYS),NY,FORD,01/01/20150430 12:00:00 PM,RED,0
449,7038608575,83016JN,04/18/2015,38,Failure to Display Muni Rec,NY,CHEVR,01/01/20160131 12:00:00 PM,WH,0
450,7743583740,90RL03,04/23/2015,21,No Parking (street clean),NY,BMW,01/01/20150430 12:00:00 PM,GREY,0
451,1381932642,GKU9569,06/13/2015,,,NY,BUICK,01/01/20170430 12:00:00 PM,GY,0
452,8015169203,GMZ7741,02/20/2015,20A,No Parking (Non-COM),NY,HONDA,01/01/20160408 12:00:00 PM,GY,0
453,7744271014,GEL1405,11/14/2014,19,No Stand (bus stop),NY,HONDA,01/01/20160108 12:00:00 PM,RD,0
454,7092387966,60304MD,07/17/2014,50,Crosswalk,NY,FRUEH,01/01/88888888 12:00:00 PM,BROWN,0
455,1382562391,GSD4370,05/21/2015,,,NY,VOLKS,01/01/20150930 12:00:00 PM,GRAY,0
456,1370108229,FXV9449,10/02/2014,,,NY,PLYMO,01/01/20160430 12:00:00 PM,BROWN,0
457,7700375860,FAW9137,10/24/2014,38,Failure to Display Muni Rec,NY,CHEVR,01/01/20160421 12:00:00 PM,BL,0
458,7641596939,FMS3619,05/04/2015,38,Failure to Display Muni Rec,NY,TOYOT,01/01/20150617 12:00:00 PM,GY,0
459,7761466970,GTA7958,09/28/2014,74,Missing Display Plate,NY,SUBAR,01/01/20160918 12:00:00 PM,BL,1
460,7041331854,GSA4698,12/31/2014,71A,Insp Sticker Expired (NYS),NY,ACURA,01/01/20161231 12:00:00 PM,WH,0
461,7041331854,GSA4698,12/31/2014,71A,Insp Sticker Expired (NYS),NY,ACURA,01/01/20161231 12:00:00 PM,WH,0
462,8008254762,GKP7693,09/24/2014,38,Failure to Display Muni Rec,NY,ME/BE,01/01/20151107 12:00:00 PM,GY,0
463,7783966410,FVN1449,11/08/2014,21,No Parking (street clean),OH,TOYOT,01/01/20150388 12:00:00 PM,BLACK,0
464,8029112439,88073ME,04/28/2015,69,Failure to Disp Muni Recpt,NY,FORD,01/01/20161130 12:00:00 PM,WH,0
465,7752324206,FPP8200,11/25/2014,38,Failure to Display Muni Rec,NY,LEXUS,01/01/20150930 12:00:00 PM,WH,0
466,8024268784,T502130C,05/20/2015,50,Crosswalk,NY,LINCO,01/01/20160331 12:00:00 PM,BK,0
467,1381822990,GNF9328,05/17/2015,,,NY,NISSA,01/01/20160302 12:00:00 PM,GY,0
468,1381460379,CRJ3679,05/02/2015,,,NY,TOYOT,01/01/20151022 12:00:00 PM,GR,0
469,1376001780,BMT5961,01/23/2015,,,NY,ACURA,01/01/20160529 12:00:00 PM,RED,0
470,1377108478,NENA92,06/03/2015,,,NY,ACURA,01/01/20160830 12:00:00 PM,GRAY,0
471,8015953261,61249MC,11/10/2014,38,Failure to Display Muni Rec,NY,FORD,01/01/88888888 12:00:00 PM,WHITE,0
472,7351918648,FZF6631,08/19/2014,71A,Insp Sticker Expired (NYS),NY,CHEVR,01/01/20160614 12:00:00 PM,BR,0
473,7061881641,12633,05/06/2015,01,No Intercity Pmt Displ,MA,PREVO,01/01/20150088 12:00:00 PM,PURPL,0
474,7650717033,U29CBL,08/05/2014,37,Expired Muni Meter,NJ,DODGE,01/01/88888888 12:00:00 PM,WHITE,0
475,8017930744,GMH1085,06/11/2015,37,Expired Muni Meter,NY,ROVER,01/01/20160120 12:00:00 PM,BLACK,0
476,8001138367,GDM8166,10/01/2014,37,Expired Muni Meter,NY,CHEVR,01/01/20150114 12:00:00 PM,GY,0
477,7003403481,FLL9439,06/01/2015,14,No Standing,NY,MITSU,01/01/20170406 12:00:00 PM,BL,0
478,7779988442,ECP6856,01/25/2015,40,Fire Hydrant,NY,FORD,01/01/88888888 12:00:00 PM,TAN,0
479,7779988442,ECP6856,01/25/2015,40,Fire Hydrant,NY,FORD,01/01/88888888 12:00:00 PM,TAN,0
480,8002037418,EVA1008,12/08/2014,37,Expired Muni Meter,NY,INFIN,01/01/20150831 12:00:00 PM,BK,0
481,8000023003,DKC2544,07/21/2014,38,Failure to Display Muni Rec,NY,ME/BE,01/01/20151023 12:00:00 PM,GY,0
482,7418306647,DZD1953,05/09/2015,70A,Reg. Sticker Expired (NYS),NY,DODGE,01/01/20150504 12:00:00 PM,BK,0
483,7893995233,AN917T,02/26/2015,84,Platform lifts in low posit,NJ,PETER,01/01/88888888 12:00:00 PM,WHITE,0
484,7099392281,U135498,09/24/2014,66,Detached Trailer,TN,NS/OT,01/01/88880088 12:00:00 PM,RED,0
485,7501868852,GKJ5549,11/29/2014,20A,No Parking (Non-COM),NY,BMW,01/01/20150828 12:00:00 PM,BL,0
486,7784783966,62406JM,02/04/2015,14,No Standing,NY,INTER,01/01/88888888 12:00:00 PM,BROWN,0
487,7790785060,GXT7771,06/15/2015,37,Expired Muni Meter,NY,TOYOT,01/01/20170403 12:00:00 PM,GY,0
488,7341582005,82663MA,02/09/2015,20,No Parking (Com Plate),NY,FORD,01/01/20151130 12:00:00 PM,BL,0
489,8043600697,E97FCW,06/13/2015,38,Failure to Display Muni Rec,NJ,MAZDA,01/01/88888888 12:00:00 PM,GREY,0
490,8026220614,EFF7947,03/27/2015,37,Expired Muni Meter,NY,TOYOT,01/01/20160427 12:00:00 PM,BK,0
491,7072799722,FAL6868,11/15/2014,21,No Parking (street clean),NY,HONDA,01/01/20160525 12:00:00 PM,BK,0
492,7114976288,GJZ4085,01/07/2015,71A,Insp Sticker Expired (NYS),NY,BMW,01/01/20151217 12:00:00 PM,BK,0
493,7114976288,GJZ4085,01/07/2015,71A,Insp Sticker Expired (NYS),NY,BMW,01/01/20151217 12:00:00 PM,BK,0
494,8033130039,98400JX,05/15/2015,51,Sidewalk,NY,WORKH,01/01/88888888 12:00:00 PM,BROWN,0
495,8006996672,AE04471,06/02/2015,38,Failure to Display Muni Rec,PA,INTER,01/01/20160588 12:00:00 PM,WHITE,0
496,1338335777,GEB1354,02/14/2015,,,NY,LINCO,01/01/20161228 12:00:00 PM,BLACK,0
497,8029468374,99647PA,05/05/2015,84,Platform lifts in low posit,NY,MACK,01/01/20150930 12:00:00 PM,WH,0
498,7854369392,AP678Y,06/10/2015,19,No Stand (bus stop),NJ,INTER,01/01/88888888 12:00:00 PM,WHITE,0
499,7176954185,GJS3728,12/10/2014,71A,Insp Sticker Expired (NYS),NY,JEEP,01/01/20151007 12:00:00 PM,GR,0
500,7090490683,41951JX,03/17/2015,19,No Stand (bus stop),NY,WORKH,01/01/88888888 12:00:00 PM,BROWN,0
501,7098881533,11584JY,08/29/2014,21,No Parking (street clean),NY,CHEVR,01/01/88888888 12:00:00 PM,WHITE,0
502,7057429137,63480JM,07/30/2014,14,No Standing,NY,INTER,01/01/88888888 12:00:00 PM,BROWN,0
503,7097788276,41115MC,08/18/2014,38,Failure to Display Muni Rec,NY,FORD,01/01/88888888 12:00:00 PM,WHITE,0
504,7477165441,GZS5415,05/02/2015,38,Failure to Display Muni Rec,PA,SCION,01/01/20150588 12:00:00 PM,BLACK,0
505,8007240731,62369JM,05/21/2015,38,Failure to Display Muni Rec,NY,INTER,01/01/88888888 12:00:00 PM,BROWN,0
506,8013066344,83350AT,12/17/2014,48,Bike Lane,NY,NS/OT,01/01/20151031 12:00:00 PM,BLACK,0
507,1385608675,19860JT,06/23/2015,,,NY,MERCU,01/01/20151031 12:00:00 PM,BROWN,0
508,7336380517,GVD3213,04/21/2015,14,No Standing,NY,FORD,01/01/20170112 12:00:00 PM,WH,0
509,1376301003,GTR8802,12/09/2014,,,NY,HYUND,01/01/20160131 12:00:00 PM,GRAY,0
510,7309964550,GRZ8683,03/21/2015,37,Expired Muni Meter,NY,INFIN,01/01/20160806 12:00:00 PM,BK,0
511,8028214204,AF66663,04/17/2015,46B,Double Parking (Com-100Ft),PA,INTER,01/01/20150588 12:00:00 PM,WHITE,0
512,8017662890,42515ME,04/14/2015,46B,Double Parking (Com-100Ft),NY,INTER,01/01/20160331 12:00:00 PM,WHITE,0
513,7448776680,GVD6854,03/29/2015,71,Insp. Sticker Missing (NYS,NY,ME/BE,01/01/20170311 12:00:00 PM,GL,0
514,7436325875,EHZ6553,10/25/2014,51,Sidewalk,NY,NISSA,01/01/20160606 12:00:00 PM,BK,0
515,8001242006,65776MA,12/17/2014,69,Failure to Disp Muni Recpt,NY,CHEVR,01/01/20141231 12:00:00 PM,WH,0
516,8001518620,GPP2359,10/13/2014,38,Failure to Display Muni Rec,NY,LEXUS,01/01/20160518 12:00:00 PM,GY,0
517,7018902472,FSB7674,01/22/2015,21,No Parking (street clean),NY,CHRYS,01/01/20150922 12:00:00 PM,RD,0
518,7018902472,FSB7674,01/22/2015,21,No Parking (street clean),NY,CHRYS,01/01/20150922 12:00:00 PM,RD,0
519,7846684085,52254JT,09/09/2014,69,Failure to Disp Muni Recpt,NY,GMC,01/01/20150228 12:00:00 PM,WHITE,0
520,7125928663,50060MD,07/14/2014,69,Failure to Disp Muni Recpt,NY,NS/OT,01/01/20141130 12:00:00 PM,WHITE,0
521,7250797578,GEK1020,07/10/2014,21,No Parking (street clean),NY,SMART,01/01/20150221 12:00:00 PM,BK,0
522,7720637720,EYF2168,10/08/2014,71A,Insp Sticker Expired (NYS),NY,INFIN,01/01/20160324 12:00:00 PM,BK,0
523,7804763517,EBN3814,10/30/2014,21,No Parking (street clean),NY,SATUR,01/01/20160514 12:00:00 PM,BK,0
524,7665121342,GCF4407,06/22/2015,14,No Standing,NY,INFIN,01/01/20160830 12:00:00 PM,RD,0
525,7662663530,FYP7413,06/24/2015,14,No Standing,NY,GMC,01/01/20160426 12:00:00 PM,GY,0
526,7931867269,15081JW,07/29/2014,16,No Std (Com Veh) Com Plate,NY,CHEVR,01/01/20141231 12:00:00 PM,BLUE,0
527,7094796766,FXP4482,05/12/2015,38,Failure to Display Muni Rec,NY,VOLKS,01/01/20160321 12:00:00 PM,BK,0
528,7948691121,89780JY,10/29/2014,69,Failure to Disp Muni Recpt,NY,CHEVR,01/01/20150630 12:00:00 PM,WH,0
529,7659725439,73773MD,11/17/2014,21,No Parking (street clean),NY,ISUZU,01/01/20160531 12:00:00 PM,WH,1
530,1377173756,PQL6942,11/09/2014,,,GA,ME/BE,01/01/20150228 12:00:00 PM,GY,0
531,7040632159,GDN1736,06/23/2015,38,Failure to Display Muni Rec,NY,HONDA,01/01/20170225 12:00:00 PM,BLACK,0
532,7191174274,GDU9206,01/07/2015,71A,Insp Sticker Expired (NYS),NY,TOYOT,01/01/20161227 12:00:00 PM,SILVE,0
533,7191174274,GDU9206,01/07/2015,71A,Insp Sticker Expired (NYS),NY,TOYOT,01/01/20161227 12:00:00 PM,SILVE,0
534,8013516404,GTB3397,02/24/2015,83,Improper Registration,NY,CHEVR,01/01/20161215 12:00:00 PM,WHITE,0
535,7620891869,87090JA,04/21/2015,69,Failure to Disp Muni Recpt,NY,ISUZU,01/01/20151231 12:00:00 PM,WHITE,0
536,1379175276,13333PC,06/04/2015,,,NY,MERCU,01/01/20160430 12:00:00 PM,RED,0
537,7513829550,FCE6383,07/12/2014,21,No Parking (street clean),NY,AUDI,01/01/20160711 12:00:00 PM,WH,0
538,8008889275,GBV3784,03/09/2015,21,No Parking (street clean),NY,NISSA,01/01/20160902 12:00:00 PM,GY,0
539,8043750464,GGY2086,05/09/2015,37,Expired Muni Meter,NY,CHEVR,01/01/20150704 12:00:00 PM,BK,0
540,7137897915,ZCX9987,08/23/2014,38,Failure to Display Muni Rec,PA,CHEVR,01/01/20150188 12:00:00 PM,RED,0
541,8007271259,90243,11/18/2014,38,Failure to Display Muni Rec,NY,NISSA,01/01/20150805 12:00:00 PM,RD,0
542,1345688945,GNY1798,08/07/2014,,,NY,MITSU,01/01/20150707 12:00:00 PM,GRAY,0
543,7580777095,DSL9428,05/22/2015,21,No Parking (street clean),NY,ACURA,01/01/20160730 12:00:00 PM,GY,0
544,7279529860,AP169V,01/16/2015,19,No Stand (bus stop),NJ,INTER,01/01/88888888 12:00:00 PM,GREY,0
545,7279529860,AP169V,01/16/2015,19,No Stand (bus stop),NJ,INTER,01/01/88888888 12:00:00 PM,GREY,0
546,7187183896,GLV9789,03/12/2015,38,Failure to Display Muni Rec,NY,TOYOT,01/01/20151210 12:00:00 PM,BK,0
547,8009451897,FCM6228,08/07/2014,21,No Parking (street clean),NY,HONDA,01/01/20160610 12:00:00 PM,BK,0
548,1358782891,DGH7315,08/31/2014,,,NY,LINCO,01/01/20150612 12:00:00 PM,GREEN,0
549,7407182127,BYT9264,10/06/2014,37,Expired Muni Meter,NY,TOYOT,01/01/20160803 12:00:00 PM,BK,0
550,7907417892,GAA3831,02/16/2015,14,No Standing,NY,VOLVO,01/01/20161231 12:00:00 PM,WHITE,0
551,8028111701,21417LV,05/05/2015,31,No Stand (Com. Mtr. Zone),NY,ME/BE,01/01/20160331 12:00:00 PM,BK,0
552,7908792042,82396MD,03/09/2015,51,Sidewalk,NY,FORD,01/01/20160131 12:00:00 PM,WH,1
553,7078149154,XZ435B,01/16/2015,40,Fire Hydrant,NJ,ISUZU,01/01/20150088 12:00:00 PM,BLACK,0
554,7078149154,XZ435B,01/16/2015,40,Fire Hydrant,NJ,ISUZU,01/01/20150088 12:00:00 PM,BLACK,0
555,7463057434,X82DPD,04/01/2015,37,Expired Muni Meter,NJ,JEEP,01/01/88888888 12:00:00 PM,BLACK,0
556,7690732641,FYW6747,08/19/2014,21,No Parking (street clean),NY,CHRYS,01/01/20141205 12:00:00 PM,SILVE,0
557,7413978672,23153MG,04/16/2015,78,Nighttime PKG on Res Street,NY,NISSA,01/01/20161001 12:00:00 PM,WH,0
558,8026202909,U110437,01/14/2015,66,Detached Trailer,TN,NS/OT,01/01/88880088 12:00:00 PM,BLUE,0
559,8026202909,U110437,01/14/2015,66,Detached Trailer,TN,NS/OT,01/01/88880088 12:00:00 PM,BLUE,0
560,7574679289,21052JP,03/11/2015,16,No Std (Com Veh) Com Plate,NY,FORD,01/01/20150731 12:00:00 PM,BLUE,0
561,7097098910,ITABFY,03/14/2015,38,Failure to Display Muni Rec,PA,KIA,01/01/20160188 12:00:00 PM,WHITE,0
562,1381207923,EVL1310,04/19/2015,,,NY,FORD,01/01/20150813 12:00:00 PM,GY,0
563,7514739683,80375MD,07/18/2014,46B,Double Parking (Com-100Ft),NY,DODGE,01/01/88888888 12:00:00 PM,WHITE,0
564,1381076385,JPB0434,03/06/2015,,,PA,HONDA,01/01/20150630 12:00:00 PM,GY,0
565,8000721429,DUN9759,07/18/2014,21,No Parking (street clean),NY,SAAB,01/01/20141024 12:00:00 PM,GR,0
566,8013848980,2196822,06/08/2015,19,No Stand (bus stop),IN,FRUEH,01/01/20150088 12:00:00 PM,WHITE,0
567,8005105046,FSW4012,08/14/2014,21,No Parking (street clean),NY,SATUR,01/01/20150929 12:00:00 PM,GY,0
568,8031103082,2028134,01/15/2015,14,No Standing,IN,FRUEH,01/01/88880088 12:00:00 PM,WHITE,0
569,7853357138,FYT7712,09/06/2014,31,No Stand (Com. Mtr. Zone),NY,JEEP,01/01/20160429 12:00:00 PM,BLACK,0
570,8005116093,EHT2898,09/22/2014,21,No Parking (street clean),NY,JEEP,01/01/20160813 12:00:00 PM,GR,1
571,7776206064,XBPT77,09/16/2014,09,Blocking the Box,NJ,DODGE,01/01/88880088 12:00:00 PM,RED,0
572,7003006893,FSZ8833,08/21/2014,20A,No Parking (Non-COM),NY,HONDA,01/01/20160515 12:00:00 PM,GY,0
573,7147543944,FEX6518,02/24/2015,71A,Insp Sticker Expired (NYS),NY,HONDA,01/01/20161031 12:00:00 PM,GY,0
574,1372505957,GWR2112,04/24/2015,,,NY,CHEVR,01/01/20170225 12:00:00 PM,GY,0
575,7144082164,GKJ5056,07/07/2014,38,Failure to Display Muni Rec,NY,LINCO,01/01/20150819 12:00:00 PM,BK,0
576,7162279715,EBZ6520,06/23/2015,38,Failure to Display Muni Rec,NY,BUICK,01/01/20151018 12:00:00 PM,WHITE,0
577,7980774826,GXR1832,06/23/2015,37,Expired Muni Meter,NY,BMW,01/01/20170503 12:00:00 PM,GY,0
578,7575453805,GLP2039,06/30/2015,21,No Parking (street clean),NY,BUICK,01/01/20160119 12:00:00 PM,RD,0
579,7513518348,FZA4494,03/06/2015,14,No Standing,NY,FORD,01/01/20160503 12:00:00 PM,BK,0
580,8009680357,GMR1050,04/01/2015,21,No Parking (street clean),NY,INFIN,01/01/20160225 12:00:00 PM,GY,0
581,7331582744,112PEP,08/11/2014,21,No Parking (street clean),FL,HONDA,01/01/20150288 12:00:00 PM,GREY,0
582,7636354470,ADH2057,04/23/2015,14,No Standing,NY,FORD,01/01/20170510 12:00:00 PM,RD,0
583,8012709399,FZL7782,10/30/2014,38,Failure to Display Muni Rec,NY,FORD,01/01/20150630 12:00:00 PM,BK,0
584,8029961753,0LMTC254,03/24/2015,14,No Standing,NJ,CHEVR,01/01/88888888 12:00:00 PM,BLACK,0
585,7750337052,C77EKB,11/14/2014,38,Failure to Display Muni Rec,NJ,BMW,01/01/88888888 12:00:00 PM,BLACK,0
586,7155052887,FLX2393,05/20/2015,40,Fire Hydrant,NY,BMW,01/01/20151120 12:00:00 PM,WH,0
587,7845163004,GME2587,09/13/2014,38,Failure to Display Muni Rec,NY,ME/BE,01/01/20151231 12:00:00 PM,WH,0
588,7933104733,28158MG,02/28/2015,20,No Parking (Com Plate),NY,TOYOT,01/01/20160831 12:00:00 PM,BK,0
589,7167955310,FYD7327,08/14/2014,71A,Insp Sticker Expired (NYS),NY,BMW,01/01/20160522 12:00:00 PM,BK,0
590,7565899367,GMZ5069,09/12/2014,38,Failure to Display Muni Rec,NY,TOYOT,01/01/20160529 12:00:00 PM,TN,0
591,7096266410,GPC6995,07/02/2014,38,Failure to Display Muni Rec,NY,ROVER,01/01/20160630 12:00:00 PM,GY,0
592,7399088615,FMP2096,08/08/2014,71A,Insp Sticker Expired (NYS),NY,BMW,01/01/20150720 12:00:00 PM,SILVE,0
593,7981061064,GJC4888,10/31/2014,21,No Parking (street clean),NY,CHRYS,01/01/20150731 12:00:00 PM,BL,0
594,7071890055,4XEF528,03/18/2015,21,No Parking (street clean),CA,NISSA,01/01/20150488 12:00:00 PM,WHITE,0
595,1376600493,33864JU,11/25/2014,,,NY,CHEVR,01/01/88888888 12:00:00 PM,WT,0
596,7065000230,PRZ5528,09/30/2014,69,Failure to Disp Muni Recpt,MN,FRUEH,01/01/20150288 12:00:00 PM,WHITE,0
597,7720641723,EDV7053,10/28/2014,21,No Parking (street clean),NY,LEXUS,01/01/20160110 12:00:00 PM,BK,0
598,7827512690,91RZ15,09/05/2014,31,No Stand (Com. Mtr. Zone),NY,NS/OT,01/01/88888888 12:00:00 PM,WHITE,0
599,7075127305,95425MD,04/01/2015,20,No Parking (Com Plate),NY,ISUZU,01/01/88888888 12:00:00 PM,BROWN,0
600,7019755033,FJF6905,12/29/2014,38,Failure to Display Muni Rec,NY,NISSA,01/01/20150325 12:00:00 PM,OTHER,0
601,7019755033,FJF6905,12/29/2014,38,Failure to Display Muni Rec,NY,NISSA,01/01/20150325 12:00:00 PM,OTHER,0
602,7977494840,GEA4212,05/06/2015,71A,Insp Sticker Expired (NYS),NY,CHRYS,01/01/20170312 12:00:00 PM,GY,0
603,7097197031,EYD9845,01/13/2015,21,No Parking (street clean),NY,CHEVR,01/01/20160401 12:00:00 PM,RD,0
604,7097197031,EYD9845,01/13/2015,21,No Parking (street clean),NY,CHEVR,01/01/20160401 12:00:00 PM,RD,0
605,7067813104,JMA0339,07/15/2014,21,No Parking (street clean),PA,HONDA,01/01/20150188 12:00:00 PM,GOLD,0
606,1374753154,DBK6760,12/24/2014,,,NY,ME/BE,01/01/20161016 12:00:00 PM,BLACK,0
607,1374753154,DBK6760,12/24/2014,,,NY,ME/BE,01/01/20161016 12:00:00 PM,BLACK,0
608,1373173907,29017MB,12/01/2014,,,NY,CHEVR,01/01/20160215 12:00:00 PM,WH,0
609,8000340525,GOT1760,06/01/2015,37,Expired Muni Meter,NY,TOYOT,01/01/20160116 12:00:00 PM,BK,0
610,7382285571,GRZ6006,08/16/2014,20A,No Parking (Non-COM),NY,TOYOT,01/01/20160807 12:00:00 PM,BK,0
611,1381450696,2314816,03/13/2015,,,ME,BMW,01/01/20230228 12:00:00 PM,GRAY,0
612,7622588301,FXY4556,02/18/2015,31,No Stand (Com. Mtr. Zone),NY,GMC,01/01/20160619 12:00:00 PM,BK,0
613,7097483520,GHH3653,04/16/2015,21,No Parking (street clean),NY,FIAT,01/01/20150915 12:00:00 PM,BK,0
614,7065015385,CTP6904,04/16/2015,31,No Stand (Com. Mtr. Zone),NY,DODGE,01/01/20160130 12:00:00 PM,WH,0
615,8031755425,76130JY,04/16/2015,46A,Double Parking (Non-COM),NY,FRUEH,01/01/20160430 12:00:00 PM,WH,0
616,7998352978,53269JT,08/15/2014,16,No Std (Com Veh) Com Plate,NY,FORD,01/01/20151231 12:00:00 PM,WH,0
617,7069437353,27875MB,01/06/2015,46B,Double Parking (Com-100Ft),NY,CHEVR,01/01/20151031 12:00:00 PM,WH,0
618,7069437353,27875MB,01/06/2015,46B,Double Parking (Com-100Ft),NY,CHEVR,01/01/20151031 12:00:00 PM,WH,0
619,7809808564,3C12H,02/13/2015,38,Failure to Display Muni Rec,NY,TOYOT,01/01/20160228 12:00:00 PM,YW,0
620,7926381056,GXZ9361,05/16/2015,38,Failure to Display Muni Rec,NY,HONDA,01/01/20150604 12:00:00 PM,BLACK,0
621,7390660247,55098MB,04/23/2015,38,Failure to Display Muni Rec,NY,FRUEH,01/01/88888888 12:00:00 PM,BROWN,0
622,7121142685,FYT5077,05/07/2015,38,Failure to Display Muni Rec,NY,HYUND,01/01/20160413 12:00:00 PM,GY,0
623,7568892566,45051MD,12/23/2014,37,Expired Muni Meter,NY,GMC,01/01/20150331 12:00:00 PM,WHITE,0
624,7114698963,DWL1829,06/02/2015,21,No Parking (street clean),NY,TOYOT,01/01/20150509 12:00:00 PM,RED,0
625,7077399989,FAY7306,10/26/2014,16A,No Std (Com Veh) Non-COM,NY,FORD,01/01/20160603 12:00:00 PM,WH,0
626,7807002682,82407MC,05/14/2015,20,No Parking (Com Plate),NY,FORD,01/01/20170228 12:00:00 PM,WHITE,0
627,7700378241,BKE1324,11/10/2014,20A,No Parking (Non-COM),NY,TOYOT,01/01/20160122 12:00:00 PM,SILVE,0
628,7866743009,35853MB,07/10/2014,14,No Standing,NY,FORD,01/01/20151031 12:00:00 PM,WHITE,0
629,7656357245,GRV7669,11/12/2014,37,Expired Muni Meter,NY,NISSA,01/01/20160613 12:00:00 PM,BL,0
630,8003439760,GJD7038,12/15/2014,21,No Parking (street clean),NY,HONDA,01/01/20150804 12:00:00 PM,GY,0
631,7297913868,GEW9621,07/15/2014,38,Failure to Display Muni Rec,NY,AUDI,01/01/20150602 12:00:00 PM,WHITE,0
632,7405148578,GAW7207,05/18/2015,70A,Reg. Sticker Expired (NYS),NY,DODGE,01/01/20150425 12:00:00 PM,GREY,0
633,7727165980,GMS3249,08/08/2014,21,No Parking (street clean),NY,CHEVR,01/01/20160331 12:00:00 PM,WH,0
634,7856379730,AG41217,06/08/2015,46B,Double Parking (Com-100Ft),AZ,FORD,01/01/88880088 12:00:00 PM,WHITE,0
635,8016916557,GXT6289,05/13/2015,38,Failure to Display Muni Rec,NY,KIA,01/01/20150607 12:00:00 PM,GREY,0
636,7237129661,GCG1788,08/05/2014,38,Failure to Display Muni Rec,NY,TOYOT,01/01/20140927 12:00:00 PM,WH,0
637,7761482330,VBE2055,12/13/2014,21,No Parking (street clean),VA,NISSA,01/01/20160588 12:00:00 PM,BLACK,0
638,7381661251,GJJ4365,09/11/2014,21,No Parking (street clean),NY,JEEP,01/01/20150721 12:00:00 PM,BK,0
639,7647029060,30497JA,10/02/2014,69,Failure to Disp Muni Recpt,NY,TOYOT,01/01/20151231 12:00:00 PM,WHITE,0
640,7291489246,Y118452,05/13/2015,14,No Standing,OR,FRUEH,01/01/88880088 12:00:00 PM,WHITE,0
641,7307595394,GXX4098,06/02/2015,21,No Parking (street clean),NY,FORD,01/01/20170514 12:00:00 PM,BK,0
642,7732393739,EBP4349,03/31/2015,70A,Reg. Sticker Expired (NYS),NY,JEEP,01/01/20150308 12:00:00 PM,GY,0
643,7219324935,DZA1641,08/05/2014,37,Expired Muni Meter,NY,MERCU,01/01/20151121 12:00:00 PM,GR,0
644,7624628806,DTD9323,07/01/2014,71A,Insp Sticker Expired (NYS),NY,HONDA,01/01/20140704 12:00:00 PM,SILVE,0
645,7662939261,VF90218,09/03/2014,37,Expired Muni Meter,NY,BMW,01/01/20160227 12:00:00 PM,WH,0
646,1347525476,D5TR41,06/10/2015,,,FL,HYUND,01/01/20151231 12:00:00 PM,,0
647,7086120212,38456JU,08/27/2014,16,No Std (Com Veh) Com Plate,NY,FORD,01/01/20150831 12:00:00 PM,WHITE,0
648,1380857650,DWZ6810,04/19/2015,,,NY,SAAB,01/01/20150410 12:00:00 PM,GREY,0
649,7096880239,211A366,02/26/2015,19,No Stand (bus stop),VT,FRUEH,01/01/20150088 12:00:00 PM,WHITE,0
650,8003370711,DUE7221,03/02/2015,38,Failure to Display Muni Rec,NY,HONDA,01/01/20170221 12:00:00 PM,WH,0
651,8024534733,38913MG,06/11/2015,11,No Stand (exc hotel load),NY,FORD,01/01/20160930 12:00:00 PM,YW,0
652,8005950810,GAM3051,06/28/2014,70A,Reg. Sticker Expired (NYS),NY,TOYOT,01/01/20140626 12:00:00 PM,GR,0
653,1255152606,GHE9398,04/04/2015,,,NY,MAZDA,01/01/20160510 12:00:00 PM,RED,0
654,7322608033,T648750C,06/01/2015,38,Failure to Display Muni Rec,NY,HONDA,01/01/20150930 12:00:00 PM,BK,0
655,8015608077,GKG3469,11/24/2014,21,No Parking (street clean),NY,VOLVO,01/01/20151223 12:00:00 PM,BL,0
656,7113902388,TRC1,10/02/2014,51,Sidewalk,NY,CHRYS,01/01/20160131 12:00:00 PM,GY,0
657,7795951405,55226JZ,10/06/2014,19,No Stand (bus stop),NY,GMC,01/01/20150731 12:00:00 PM,WH,1
658,7892627674,T435938C,07/16/2014,17,No Stand (exc auth veh),NY,TOYOT,01/01/20141130 12:00:00 PM,BK,0
659,7785033225,GMD7934,10/11/2014,40,Fire Hydrant,NY,TOYOT,01/01/20160311 12:00:00 PM,OTHER,0
660,7738769749,GXP4164,06/02/2015,21,No Parking (street clean),NY,FORD,01/01/20170402 12:00:00 PM,RD,0
661,7701194630,WHN2T,06/16/2015,37,Expired Muni Meter,FL,ME/BE,01/01/20150788 12:00:00 PM,BLACK,0
662,7096699545,GWK6946,05/11/2015,38,Failure to Display Muni Rec,NY,TOYOT,01/01/20170401 12:00:00 PM,BK,0
663,7160179250,FJG5231,09/26/2014,20A,No Parking (Non-COM),NY,FORD,01/01/20150306 12:00:00 PM,GY,0
664,7178344209,FWY6507,07/08/2014,21,No Parking (street clean),NY,TOYOT,01/01/20160411 12:00:00 PM,GR,0
665,7095883373,8161568,10/23/2014,14,No Standing,NY,SUZUK,01/01/88888888 12:00:00 PM,BROWN,0
666,1381533486,GMU1930,03/16/2015,,,NY,CHEVR,01/01/20161118 12:00:00 PM,BLACK,0
667,7726636208,EWV2822,06/12/2015,38,Failure to Display Muni Rec,NY,ACURA,01/01/20151217 12:00:00 PM,BLACK,0
668,1372915539,GDM6165,09/21/2014,,,NY,JEEP,01/01/20150108 12:00:00 PM,GREY,0
669,1379906234,75050MC,05/11/2015,,,NY,FORD,01/01/20160630 12:00:00 PM,WH,0
670,7023406499,PE743H,10/04/2014,38,Failure to Display Muni Rec,FL,HONDA,01/01/20150488 12:00:00 PM,BLUE,0
671,7349588276,AM103V,11/13/2014,13,No Stand (taxi stand),NJ,MITSU,01/01/88888888 12:00:00 PM,WHITE,0
672,7071133852,GJU3843,11/01/2014,37,Expired Muni Meter,NY,INFIN,01/01/20151120 12:00:00 PM,GY,0
673,7169559602,GEH5618,03/11/2015,70A,Reg. Sticker Expired (NYS),NY,INFIN,01/01/20150307 12:00:00 PM,BR,0
674,7345439136,13669MD,08/13/2014,14,No Standing,NY,NS/OT,01/01/20150331 12:00:00 PM,RED,0
675,8005887760,293PSP,04/18/2015,31,No Stand (Com. Mtr. Zone),FL,FORD,01/01/88880088 12:00:00 PM,WHITE,0
676,8000914300,AS714A,09/03/2014,38,Failure to Display Muni Rec,NJ,INTER,01/01/88888888 12:00:00 PM,WHITE,0
677,7550243931,DAW4464,04/09/2015,70A,Reg. Sticker Expired (NYS),NY,ME/BE,01/01/20150205 12:00:00 PM,GREY,0
678,7006263438,ZYB62J,09/29/2014,37,Expired Muni Meter,NJ,TOYOT,01/01/88888888 12:00:00 PM,GREY,0
679,7709172441,GVG9544,03/14/2015,70A,Reg. Sticker Expired (NYS),NY,VOLKS,01/01/20150129 12:00:00 PM,GREY,0
680,1371072413,DTJ2182,02/10/2015,,,NY,NISSA,01/01/20160821 12:00:00 PM,BL,0
681,8015770555,GWF4143,04/21/2015,70,Reg. Sticker Missing (NYS),NY,VESPA,01/01/88888888 12:00:00 PM,GREY,0
682,8003878676,DGD1271,09/20/2014,38,Failure to Display Muni Rec,NY,JEEP,01/01/20150530 12:00:00 PM,BLACK,0
683,8044514995,GPW4198,06/08/2015,71A,Insp Sticker Expired (NYS),NY,JEEP,01/01/20160531 12:00:00 PM,GR,0
684,8033909730,X19J83,04/24/2015,69,Failure to Disp Muni Recpt,NJ,CHEVR,01/01/20150088 12:00:00 PM,GREY,0
685,7516322519,CPC7155,03/26/2015,21,No Parking (street clean),NY,LINCO,01/01/20150819 12:00:00 PM,BK,0
686,7147506728,Y61CJC,07/17/2014,37,Expired Muni Meter,NJ,TOYOT,01/01/88888888 12:00:00 PM,BLACK,0
687,7030614379,42627MG,01/13/2015,37,Expired Muni Meter,NY,TOYOT,01/01/20161130 12:00:00 PM,RED,0
688,7030614379,42627MG,01/13/2015,37,Expired Muni Meter,NY,TOYOT,01/01/20161130 12:00:00 PM,RED,0
689,7633541416,15713TT,08/18/2014,14,No Standing,NY,DODGE,01/01/20150531 12:00:00 PM,WH,0
690,1375717418,GKU3970,09/30/2014,,,NY,HONDA,01/01/20151015 12:00:00 PM,GRY,0
691,1377890442,GMV7350,10/30/2014,,,NY,TOYOT,01/01/20160218 12:00:00 PM,GY,0
692,7576664162,GBE2816,08/04/2014,21,No Parking (street clean),NY,HONDA,01/01/20160712 12:00:00 PM,BK,0
693,7726208703,EAW4373,12/19/2014,14,No Standing,NY,HONDA,01/01/20150726 12:00:00 PM,GY,0
694,8007763144,NYP992,10/29/2014,31,No Stand (Com. Mtr. Zone),CT,TOYOT,01/01/88880088 12:00:00 PM,WHITE,0
695,8020366428,55743MB,06/25/2015,37,Expired Muni Meter,NY,CHEVR,01/01/88888888 12:00:00 PM,ORANG,0
696,7884166665,AP579P,11/07/2014,14,No Standing,NJ,HINO,01/01/88880088 12:00:00 PM,WHITE,0
697,7919105780,27689ME,01/09/2015,69,Failure to Disp Muni Recpt,NY,FORD,01/01/20160630 12:00:00 PM,WH,0
698,7919105780,27689ME,01/09/2015,69,Failure to Disp Muni Recpt,NY,FORD,01/01/20160630 12:00:00 PM,WH,0
699,7716680160,3H83C,04/08/2015,13,No Stand (taxi stand),NY,TOYOT,01/01/20160228 12:00:00 PM,YW,0
700,7577523872,GCP7543,02/21/2015,71A,Insp Sticker Expired (NYS),NY,FORD,01/01/20161112 12:00:00 PM,BL,0
701,7297533683,GMG6160,09/08/2014,39,Overtime PKG-Time Limt Post,NY,ME/BE,01/01/20160205 12:00:00 PM,GY,0
702,7821131313,42753ME,10/27/2014,71A,Insp Sticker Expired (NYS),NY,GMC,01/01/20151031 12:00:00 PM,WH,0
703,7432721063,CWU2521,11/28/2014,19,No Stand (bus stop),NY,NISSA,01/01/20160711 12:00:00 PM,RED,0
704,7098999003,FBY6776,01/28/2015,38,Failure to Display Muni Rec,NY,HONDA,01/01/20160427 12:00:00 PM,BK,0
705,8005257983,XBSM37,07/21/2014,14,No Standing,NJ,NS/OT,01/01/88880088 12:00:00 PM,WHITE,0
706,1372349984,GHS2424,08/09/2014,,,NY,TOYOT,01/01/20150815 12:00:00 PM,BLACK,0
707,7662648412,GTJ3506,04/14/2015,40,Fire Hydrant,NY,HYUND,01/01/20161023 12:00:00 PM,GY,0
708,8025317201,23772JP,05/11/2015,37,Expired Muni Meter,NY,FRUEH,01/01/20150531 12:00:00 PM,WH,0
709,7178732088,54382JA,10/15/2014,69,Failure to Disp Muni Recpt,NY,NISSA,01/01/20151231 12:00:00 PM,WH,0
710,1375555595,90495MD,09/29/2014,,,NY,MITSU,01/01/20151130 12:00:00 PM,,0
711,7613053714,GRP2865,10/27/2014,21,No Parking (street clean),NY,NISSA,01/01/20160713 12:00:00 PM,BK,0
712,8000934917,87814JS,04/01/2015,16,No Std (Com Veh) Com Plate,NY,GMC,01/01/20161130 12:00:00 PM,WH,0
713,7733455340,XD854D,09/11/2014,82,Unaltered Commerc Vehicle,NJ,DODGE,01/01/20140088 12:00:00 PM,SILVE,0
714,7432731160,EBN4557,01/19/2015,40,Fire Hydrant,NY,HONDA,01/01/20150701 12:00:00 PM,GREY,0
715,7432731160,EBN4557,01/19/2015,40,Fire Hydrant,NY,HONDA,01/01/20150701 12:00:00 PM,GREY,0
716,7097466807,XX982R,10/23/2014,40,Fire Hydrant,NJ,FRUEH,01/01/88880088 12:00:00 PM,WHITE,0
717,7741549364,21542MA,07/25/2014,16,No Std (Com Veh) Com Plate,NY,FRUEH,01/01/20141231 12:00:00 PM,WHITE,0
718,1333734517,GEL1703,06/25/2014,,,NY,NISSA,01/01/20140630 12:00:00 PM,BLACK,0
719,7621052211,W13EDB,03/24/2015,37,Expired Muni Meter,NJ,CHEVR,01/01/88888888 12:00:00 PM,SILVE,1
720,7233563718,42345JZ,05/02/2015,38,Failure to Display Muni Rec,NY,CHEVR,01/01/88888888 12:00:00 PM,WHITE,0
721,7169732063,CRB4594,10/21/2014,37,Expired Muni Meter,NY,HYUND,01/01/20151105 12:00:00 PM,WH,0
722,8000441445,GSS6007,10/27/2014,20A,No Parking (Non-COM),NY,TOYOT,01/01/20160812 12:00:00 PM,WH,0
723,7875167115,XAZR84,07/31/2014,47,Double PKG-Midtown,NJ,ISUZU,01/01/20150788 12:00:00 PM,WHITE,0
724,8024056197,GGP9081,02/25/2015,40,Fire Hydrant,NY,JEEP,01/01/20150423 12:00:00 PM,GY,0
725,7097088710,GEK9775,12/31/2014,20A,No Parking (Non-COM),NY,FORD,01/01/20150320 12:00:00 PM,GY,0
726,7097088710,GEK9775,12/31/2014,20A,No Parking (Non-COM),NY,FORD,01/01/20150320 12:00:00 PM,GY,0
727,7163908532,EVW1942,09/10/2014,71A,Insp Sticker Expired (NYS),NY,VOLVO,01/01/20160623 12:00:00 PM,GY,0
728,8024154614,FMT5690,05/28/2015,38,Failure to Display Muni Rec,NY,GMC,01/01/20151129 12:00:00 PM,GREY,0
729,7182340926,23996PC,03/14/2015,38,Failure to Display Muni Rec,NY,HINO,01/01/20150331 12:00:00 PM,WHITE,0
730,7848391450,GST1343,12/19/2014,71A,Insp Sticker Expired (NYS),NY,NISSA,01/01/20151007 12:00:00 PM,GY,0
731,7890392230,75819JW,12/12/2014,20,No Parking (Com Plate),NY,FORD,01/01/20150430 12:00:00 PM,WHITE,0
732,1384533886,GGT7523,06/15/2015,,,NY,HONDA,01/01/20170717 12:00:00 PM,BRN,0
733,7807446766,DSC4295,08/17/2014,70B,Impropr Dsply of Reg (NYS),NY,HONDA,01/01/20160801 12:00:00 PM,BLUE,0
734,7237133718,ESL9218,08/22/2014,38,Failure to Display Muni Rec,NY,HONDA,01/01/20150427 12:00:00 PM,BK,0
735,7924499891,OYA4921,03/27/2015,03,Unauth passenger pick-up,NJ,FRUEH,01/01/88888888 12:00:00 PM,WHITE,0
736,8035610582,CUK2188,05/22/2015,21,No Parking (street clean),NY,NISSA,01/01/20160217 12:00:00 PM,GY,0
737,7684702221,GHP1214,06/28/2014,38,Failure to Display Muni Rec,NY,ACURA,01/01/20150912 12:00:00 PM,WH,0
738,7055348791,61802MD,07/18/2014,71A,Insp Sticker Expired (NYS),NY,GMC,01/01/20150531 12:00:00 PM,WH,0
739,8023204506,GSR3599,02/06/2015,14,No Standing,NY,TOYOT,01/01/20160814 12:00:00 PM,TN,0
740,7752239343,GMK5436,06/03/2015,38,Failure to Display Muni Rec,NY,ME/BE,01/01/20160112 12:00:00 PM,WH,0
741,7085768563,297EA1,08/23/2014,38,Failure to Display Muni Rec,MA,LEXUS,01/01/20150188 12:00:00 PM,GREY,0
742,7028589420,81206MC,10/28/2014,37,Expired Muni Meter,NY,NISSA,01/01/20160930 12:00:00 PM,BK,0
743,8033704548,97025JB,01/30/2015,46B,Double Parking (Com-100Ft),NY,INTER,01/01/20160101 12:00:00 PM,WHITE,0
744,8003272660,GNL2113,09/18/2014,37,Expired Muni Meter,NY,NISSA,01/01/20160312 12:00:00 PM,BK,0
745,7448775121,T609941C,03/20/2015,74B,Covered Plate,NY,FORD,01/01/20150331 12:00:00 PM,WHITE,0
746,7657803253,ANULEAF,03/25/2015,21,No Parking (street clean),NY,MAZDA,01/01/20170213 12:00:00 PM,GR,0
747,1374333888,GRV3250,10/15/2014,,,NY,HONDA,01/01/20140729 12:00:00 PM,SILVE,0
748,7005725955,GFW8659,07/14/2014,21,No Parking (street clean),NY,JEEP,01/01/20150227 12:00:00 PM,TN,0
749,7623714028,63402JM,02/06/2015,46B,Double Parking (Com-100Ft),NY,GMC,01/01/88888888 12:00:00 PM,BROWN,0
750,8016984150,2M60B,03/07/2015,40,Fire Hydrant,NY,TOYOT,01/01/20150930 12:00:00 PM,YW,0
751,7829968949,66800JU,07/24/2014,14,No Standing,NY,HINO,01/01/20140831 12:00:00 PM,WH,0
752,7018557320,FRJ5798,03/19/2015,38,Failure to Display Muni Rec,NY,JEEP,01/01/20150720 12:00:00 PM,BK,0
753,7698306306,BXM3016,09/15/2014,38,Failure to Display Muni Rec,NY,HONDA,01/01/20160829 12:00:00 PM,BLACK,0
754,7071265549,P68EPA,10/13/2014,14,No Standing,NJ,TOYOT,01/01/88888888 12:00:00 PM,SILVE,0
755,7927547720,85913MD,05/19/2015,38,Failure to Display Muni Rec,NY,FRUEH,01/01/88888888 12:00:00 PM,BROWN,0
756,7517982485,62548JM,01/08/2015,19,No Stand (bus stop),NY,INTER,01/01/88888888 12:00:00 PM,BROWN,0
757,7517982485,62548JM,01/08/2015,19,No Stand (bus stop),NY,INTER,01/01/88888888 12:00:00 PM,BROWN,0
758,7774779395,FWS5542,07/09/2014,46A,Double Parking (Non-COM),NY,ACURA,01/01/20150912 12:00:00 PM,WH,0
759,7954208606,CRTCLMSS,02/13/2015,40,Fire Hydrant,NY,CHEVR,01/01/20150624 12:00:00 PM,SILVE,0
760,7907727522,20756MC,09/02/2014,47,Double PKG-Midtown,NY,ISUZU,01/01/20160731 12:00:00 PM,WH,0
761,7071296777,EVV3067,03/06/2015,71A,Insp Sticker Expired (NYS),NY,SUBAR,01/01/20151221 12:00:00 PM,GL,0
762,8006455922,49016ME,09/02/2014,47,Double PKG-Midtown,NY,FORD,01/01/20160130 12:00:00 PM,WH,0
763,7743945649,49988JG,07/02/2014,20,No Parking (Com Plate),NY,INTER,01/01/88888888 12:00:00 PM,BROWN,0
764,7975954858,GST2694,03/03/2015,21,No Parking (street clean),NY,JEEP,01/01/88888888 12:00:00 PM,GREEN,0
765,7899908930,61477JU,10/02/2014,47,Double PKG-Midtown,NY,CHEVR,01/01/20150630 12:00:00 PM,WH,0
766,8005804283,FPT1358,07/16/2014,20A,No Parking (Non-COM),NY,DODGE,01/01/20151020 12:00:00 PM,WH,0
767,7400708200,FZB3117,10/14/2014,62,Beyond Marked Space,NY,SUBAR,01/01/20160620 12:00:00 PM,BL,0
768,7653994830,GGS7130,08/01/2014,71A,Insp Sticker Expired (NYS),NY,LINCO,01/01/20150702 12:00:00 PM,BK,0
769,7785152494,FZF7824,10/12/2014,19,No Stand (bus stop),NY,DODGE,01/01/20150930 12:00:00 PM,BK,0
770,7648323412,B81EYB,01/23/2015,38,Failure to Display Muni Rec,NJ,HYUND,01/01/88888888 12:00:00 PM,OTHER,0
771,7648323412,B81EYB,01/23/2015,38,Failure to Display Muni Rec,NJ,HYUND,01/01/88888888 12:00:00 PM,OTHER,0
772,7560476016,64847MA,06/24/2015,21,No Parking (street clean),NY,INTER,01/01/20151231 12:00:00 PM,RED,0
773,7185555474,KJA170,05/21/2015,21,No Parking (street clean),SC,FORD,01/01/20150888 12:00:00 PM,WHITE,0
774,7092183870,EDJ1225,07/21/2014,21,No Parking (street clean),NY,FORD,01/01/20160110 12:00:00 PM,SILVE,0
775,7805789563,GTJ5898,06/04/2015,21,No Parking (street clean),NY,MAZDA,01/01/20160918 12:00:00 PM,GY,0
776,7717171790,T528318C,10/15/2014,16A,No Std (Com Veh) Non-COM,NY,LINCO,01/01/20150430 12:00:00 PM,BK,0
777,8006035921,FSG4789,04/06/2015,37,Expired Muni Meter,NY,LEXUS,01/01/20150914 12:00:00 PM,BK,0
778,8003496070,EDS9591,04/03/2015,14,No Standing,NY,LEXUS,01/01/20151020 12:00:00 PM,BK,0
779,7757132162,W22EHS,08/22/2014,21,No Parking (street clean),NJ,CHRYS,01/01/88888888 12:00:00 PM,BLUE,0
780,7809387467,N56CMJ,02/03/2015,31,No Stand (Com. Mtr. Zone),NJ,ACURA,01/01/88888888 12:00:00 PM,RED,0
781,1370519515,EDJ1609,12/16/2014,,,NY,JEEP,01/01/20151220 12:00:00 PM,TAN,0
782,7187949303,290149T,02/14/2015,46A,Double Parking (Non-COM),MD,DODGE,01/01/20150188 12:00:00 PM,WHITE,0
783,7166271838,GAB6313,11/05/2014,37,Expired Muni Meter,NY,DODGE,01/01/20160926 12:00:00 PM,LT/,0
784,7069178608,B75CDR,05/01/2015,37,Expired Muni Meter,NJ,ME/BE,01/01/88888888 12:00:00 PM,WHITE,0
785,7921823038,78066JV,09/18/2014,71A,Insp Sticker Expired (NYS),NY,FORD,01/01/20150531 12:00:00 PM,RD,0
786,7715899872,23005MG,06/12/2015,85,Storage-3 hour Commercial,NY,CHEVR,01/01/20160717 12:00:00 PM,WH,0
787,7739146791,62546JM,10/08/2014,14,No Standing,NY,INTER,01/01/88888888 12:00:00 PM,BROWN,0
788,7418310833,GXD9067,06/06/2015,38,Failure to Display Muni Rec,NY,BMW,01/01/20170318 12:00:00 PM,BK,0
789,7759138556,FCM8632,06/18/2015,40,Fire Hydrant,NY,MAZDA,01/01/20160728 12:00:00 PM,WH,0
790,7915734532,81358JN,05/05/2015,16,No Std (Com Veh) Com Plate,NY,CHEVR,01/01/20150804 12:00:00 PM,WHITE,0
791,7120277467,FDV2980,02/27/2015,60,Angle Parking,NY,CHRYS,01/01/20161025 12:00:00 PM,GL,0
792,7526398960,468PH4,05/11/2015,21,No Parking (street clean),MA,ROVER,01/01/20160488 12:00:00 PM,BLACK,0
793,7897124587,91375MD,02/19/2015,71A,Insp Sticker Expired (NYS),NY,MACK,01/01/20160131 12:00:00 PM,BLACK,0
794,7587279751,GLN8010,12/23/2014,16A,No Std (Com Veh) Non-COM,NY,KIA,01/01/20151130 12:00:00 PM,WH,0
795,7060611411,63009JM,05/26/2015,14,No Standing,NY,GMC,01/01/88888888 12:00:00 PM,BROWN,0
796,8012719824,FPT2974,01/24/2015,38,Failure to Display Muni Rec,NY,FORD,01/01/20151121 12:00:00 PM,GY,0
797,1378067575,647YTS,06/16/2015,,,MA,CHRYS,01/01/20170531 12:00:00 PM,BK,0
798,7097273446,92112JW,11/05/2014,37,Expired Muni Meter,NY,CHEVR,01/01/20151130 12:00:00 PM,WHITE,0
799,8025003814,GEG1258,02/04/2015,71,Insp. Sticker Missing (NYS,NY,LEXUS,01/01/20170209 12:00:00 PM,WH,0
800,7516306253,GUV1600,01/29/2015,14,No Standing,NY,TOYOT,01/01/20170101 12:00:00 PM,RD,0
801,7933077341,FJM8479,10/06/2014,38,Failure to Display Muni Rec,NY,FORD,01/01/20150331 12:00:00 PM,BLUE,0
802,7398397940,JMV6241,11/20/2014,98,Obstructing Driveway,PA,HONDA,01/01/20150388 12:00:00 PM,SILVE,0
803,8007407236,FBC6904,08/13/2014,71A,Insp Sticker Expired (NYS),NY,CHEVR,01/01/20160514 12:00:00 PM,TN,0
804,7742390863,AN294N,01/28/2015,51,Sidewalk,NJ,INTER,01/01/88888888 12:00:00 PM,SILVE,0
805,7146649192,GPJ1564,09/15/2014,38,Failure to Display Muni Rec,NY,MAZDA,01/01/20160424 12:00:00 PM,RD,0
806,7350353893,CEG8498,12/20/2014,38,Failure to Display Muni Rec,NY,GMC,01/01/20150326 12:00:00 PM,BLACK,0
807,7961921540,41815MD,07/29/2014,38,Failure to Display Muni Rec,NY,FORD,01/01/20150630 12:00:00 PM,WH,0
808,7108730182,901ZGG,04/06/2015,37,Expired Muni Meter,CT,ME/BE,01/01/20150088 12:00:00 PM,SILVE,0
809,7621032339,49783MA,07/10/2014,21,No Parking (street clean),NY,KENWO,01/01/20150131 12:00:00 PM,RED,0
810,7426351658,20223JY,03/19/2015,50,Crosswalk,NY,ISUZU,01/01/20161231 12:00:00 PM,WH,0
811,7985006473,ULM52K,01/29/2015,38,Failure to Display Muni Rec,NJ,TOYOT,01/01/88888888 12:00:00 PM,SILVE,0
812,7151169747,GTM7058,03/28/2015,38,Failure to Display Muni Rec,NY,HONDA,01/01/20160821 12:00:00 PM,GREY,0
813,1368283238,ENU6727,05/23/2015,,,NY,TOYOT,01/01/20170107 12:00:00 PM,SILVE,0
814,7569803127,GFZ2208,05/04/2015,74,Missing Display Plate,NY,BMW,01/01/20150409 12:00:00 PM,BK,0
815,8013015762,EBH1985,02/19/2015,37,Expired Muni Meter,NY,FORD,01/01/20150622 12:00:00 PM,WH,0
816,7986697350,2028722,09/24/2014,18,No Stand (bus lane),IN,VOLVO,01/01/20140088 12:00:00 PM,WHITE,0
817,7896781803,F17DEE,10/14/2014,31,No Stand (Com. Mtr. Zone),NJ,TOYOT,01/01/88888888 12:00:00 PM,GREY,0
818,7063459090,XAWM31,02/11/2015,17,No Stand (exc auth veh),NJ,FRUEH,01/01/20150088 12:00:00 PM,BLUE,0
819,1376457880,YXJ15T,03/13/2015,,,NJ,ME/BE,01/01/20161030 12:00:00 PM,GY,0
820,7381177596,CRC6480,06/25/2015,38,Failure to Display Muni Rec,NY,HONDA,01/01/20160115 12:00:00 PM,SILVE,0
821,7959442009,GNG1357,01/22/2015,70B,Impropr Dsply of Reg (NYS),NY,FORD,01/01/20161219 12:00:00 PM,GREEN,0
822,7959442009,GNG1357,01/22/2015,70B,Impropr Dsply of Reg (NYS),NY,FORD,01/01/20161219 12:00:00 PM,GREEN,0
823,7174307954,GRU2120,08/08/2014,46A,Double Parking (Non-COM),NY,NISSA,01/01/20140814 12:00:00 PM,SILVE,0
824,7686328582,82008,08/29/2014,14,No Standing,MA,FRUEH,01/01/20150688 12:00:00 PM,WHITE,0
825,7108721673,EKE9566,02/11/2015,37,Expired Muni Meter,NY,VOLKS,01/01/20161005 12:00:00 PM,WHITE,0
826,7913687447,85881MD,11/28/2014,38,Failure to Display Muni Rec,NY,FRUEH,01/01/88888888 12:00:00 PM,BROWN,0
827,7550647410,69052ME,09/23/2014,71A,Insp Sticker Expired (NYS),NY,FORD,01/01/20160901 12:00:00 PM,WH,0
828,7699103774,AEX1857,08/29/2014,21,No Parking (street clean),NY,BUICK,01/01/20150131 12:00:00 PM,GY,0
829,7030185067,CTU7199,10/23/2014,38,Failure to Display Muni Rec,NY,TOYOT,01/01/20160318 12:00:00 PM,GY,0
830,8003536893,343MJS,11/24/2014,14,No Standing,NJ,HONDA,01/01/88888888 12:00:00 PM,GREY,0
831,7076132114,49038JB,03/10/2015,37,Expired Muni Meter,NY,FORD,01/01/20170131 12:00:00 PM,SILVE,0
832,7989459164,EGD220,06/09/2015,21,No Parking (street clean),VT,TOYOT,01/01/20150088 12:00:00 PM,SILVE,0
833,1378201589,T640631C,08/07/2014,,,NY,TOYOT,01/01/20150331 12:00:00 PM,BLK,0
834,7685858654,FYS6459,11/11/2014,40,Fire Hydrant,NY,ME/BE,01/01/20160522 12:00:00 PM,WH,0
835,7076121554,GSW8982,01/03/2015,37,Expired Muni Meter,NY,JAGUA,01/01/20160909 12:00:00 PM,BK,0
836,7076121554,GSW8982,01/03/2015,37,Expired Muni Meter,NY,JAGUA,01/01/20160909 12:00:00 PM,BK,0
837,7785012090,64529MD,07/10/2014,69,Failure to Disp Muni Recpt,NY,FORD,01/01/20151112 12:00:00 PM,WH,1
838,7787593349,U73DNU,11/26/2014,20A,No Parking (Non-COM),NJ,ME/BE,01/01/88888888 12:00:00 PM,BLACK,0
839,8017291991,GMR4872,05/05/2015,71A,Insp Sticker Expired (NYS),NY,NISSA,01/01/20160422 12:00:00 PM,BL,0
840,7862770663,42978JW,07/09/2014,14,No Standing,NY,INTER,01/01/20150131 12:00:00 PM,WHITE,0
841,7921838558,XV541D,03/16/2015,11,No Stand (exc hotel load),NJ,DODGE,01/01/20150088 12:00:00 PM,WHITE,0
842,7534783628,B43BHX,06/13/2015,20A,No Parking (Non-COM),NJ,ME/BE,01/01/88888888 12:00:00 PM,BLACK,0
843,7544313591,GJH1370,10/14/2014,21,No Parking (street clean),NY,FORD,01/01/20150913 12:00:00 PM,BK,0
844,7178360252,FZM7762,09/03/2014,71A,Insp Sticker Expired (NYS),NY,LEXUS,01/01/20150214 12:00:00 PM,BK,0
845,7020094697,GGF7536,09/05/2014,21,No Parking (street clean),NY,TOYOT,01/01/20150804 12:00:00 PM,WH,0
846,7020094697,GGF7536,09/05/2014,21,No Parking (street clean),NY,TOYOT,01/01/20150804 12:00:00 PM,WH,0
847,1377719686,GED9041,02/19/2015,,,NY,ME/BE,01/01/20150416 12:00:00 PM,BLK,0
848,7777792477,GEX5233,12/10/2014,37,Expired Muni Meter,NY,FORD,01/01/20150410 12:00:00 PM,RD,0
849,7477143962,FFV4159,11/05/2014,70A,Reg. Sticker Expired (NYS),NY,ME/BE,01/01/20141104 12:00:00 PM,BK,0
850,7280712990,FYB3159,12/19/2014,21,No Parking (street clean),NY,SUBAR,01/01/20160524 12:00:00 PM,GY,0
851,7523987242,GAM6673,09/30/2014,70A,Reg. Sticker Expired (NYS),NY,FORD,01/01/20140910 12:00:00 PM,BK,0
852,8010266863,AM203D,01/14/2015,14,No Standing,NJ,FRUEH,01/01/88880088 12:00:00 PM,GREEN,0
853,8026458175,T521509C,04/03/2015,38,Failure to Display Muni Rec,NY,LINCO,01/01/20150430 12:00:00 PM,BK,0
854,7125872797,BIGLYTE,01/10/2015,14,No Standing,NY,LINCO,01/01/20150706 12:00:00 PM,GY,0
855,7125872797,BIGLYTE,01/10/2015,14,No Standing,NY,LINCO,01/01/20150706 12:00:00 PM,GY,0
856,7661332530,N99AYH,10/28/2014,40,Fire Hydrant,NJ,VOLKS,01/01/88888888 12:00:00 PM,GREY,0
857,1371819300,14292LV,11/28/2014,,,NY,FORD,01/01/20141130 12:00:00 PM,WHITE,0
858,7413989037,FHP7710,05/11/2015,46A,Double Parking (Non-COM),NY,NISSA,01/01/20170109 12:00:00 PM,WH,0
859,8000431889,FCM9713,09/04/2014,38,Failure to Display Muni Rec,NY,NISSA,01/01/20150406 12:00:00 PM,GREY,0
860,7220651922,59291JL,07/05/2014,38,Failure to Display Muni Rec,NY,HINO,01/01/20141231 12:00:00 PM,WH,0
861,7647029332,95552MB,10/03/2014,14,No Standing,NY,HONDA,01/01/20160110 12:00:00 PM,GY,0
862,7053821250,23736JC,12/15/2014,69,Failure to Disp Muni Recpt,NY,FORD,01/01/20160331 12:00:00 PM,RED,0
863,7055818709,33399JB,04/22/2015,47,Double PKG-Midtown,NY,INTER,01/01/20160331 12:00:00 PM,RD,0
864,7329548248,85926MD,04/28/2015,14,No Standing,NY,FRUEH,01/01/88888888 12:00:00 PM,BROWN,0
865,8013480355,GVA2485,04/29/2015,51,Sidewalk,NY,NISSA,01/01/20161205 12:00:00 PM,BK,0
866,1371519754,FBZ4124,09/15/2014,,,NY,TOYOT,01/01/20160422 12:00:00 PM,BLUE,0
867,7725501915,W49ELP,05/23/2015,38,Failure to Display Muni Rec,NJ,BMW,01/01/88888888 12:00:00 PM,SILVE,0
868,7462748976,GKK9035,08/09/2014,71A,Insp Sticker Expired (NYS),NY,HONDA,01/01/20150829 12:00:00 PM,BLACK,0
869,1380810164,GUV7627,05/08/2015,,,NY,PONTI,01/01/20170205 12:00:00 PM,WHITE,0
870,1381446966,36802MG,03/28/2015,,,NY,KENWO,01/01/20151031 12:00:00 PM,WH,0
871,7715888205,FFS1087,04/03/2015,14,No Standing,TX,TOYOT,01/01/20150088 12:00:00 PM,RED,0
872,8012535129,140LEV,03/20/2015,21,No Parking (street clean),CT,TOYOT,01/01/20150088 12:00:00 PM,OTHER,0
873,8023105887,ADD1198,06/11/2015,71A,Insp Sticker Expired (NYS),NY,MINI,01/01/20170109 12:00:00 PM,GR,0
874,7353569669,5AMGE0,03/03/2015,21,No Parking (street clean),CT,CADIL,01/01/20150088 12:00:00 PM,WHITE,0
875,8030658771,P43ECM,04/07/2015,21,No Parking (street clean),NJ,HONDA,01/01/88888888 12:00:00 PM,GREY,0
876,7022769345,45168KA,09/13/2014,40,Fire Hydrant,NY,CHEVR,01/01/20151231 12:00:00 PM,WH,0
877,7022769345,45168KA,09/13/2014,40,Fire Hydrant,NY,CHEVR,01/01/20151231 12:00:00 PM,WH,0
878,7076092980,GGT1387,07/19/2014,40,Fire Hydrant,NY,HYUND,01/01/20150526 12:00:00 PM,GY,0
879,7583581035,ETK9276,11/12/2014,71A,Insp Sticker Expired (NYS),NY,NISSA,01/01/20150505 12:00:00 PM,WHITE,0
880,7731998149,67754MC,11/20/2014,14,No Standing,NY,FRUEH,01/01/88888888 12:00:00 PM,BROWN,0
881,7096484097,616MV2,03/04/2015,20A,No Parking (Non-COM),MA,TOYOT,01/01/20170288 12:00:00 PM,BLACK,0
882,7098646659,64145MC,04/24/2015,71A,Insp Sticker Expired (NYS),NY,GMC,01/01/20160930 12:00:00 PM,WHITE,0
883,7303196730,61642MD,10/08/2014,38,Failure to Display Muni Rec,NY,CHEVR,01/01/20150831 12:00:00 PM,WH,0
884,8030558508,51964JS,02/24/2015,48,Bike Lane,NY,NS/OT,01/01/20161231 12:00:00 PM,WHITE,0
885,7685065708,GPN6849,08/11/2014,21,No Parking (street clean),NY,NISSA,01/01/20160515 12:00:00 PM,GY,0
886,7160188202,DAP2823,01/16/2015,14,No Standing,NY,FORD,01/01/20161026 12:00:00 PM,BK,0
887,7160188202,DAP2823,01/16/2015,14,No Standing,NY,FORD,01/01/20161026 12:00:00 PM,BK,0
888,8005538157,GHN8054,05/21/2015,37,Expired Muni Meter,NY,JEEP,01/01/20150806 12:00:00 PM,RD,0
889,7044789961,EEJ6036,10/31/2014,21,No Parking (street clean),NY,TOYOT,01/01/20151030 12:00:00 PM,BLUE,0
890,7882352950,2297644,04/03/2015,38,Failure to Display Muni Rec,IN,ISUZU,01/01/20150088 12:00:00 PM,WHITE,1
891,7684719099,DME6870,01/13/2015,21,No Parking (street clean),NY,BMW,01/01/20160303 12:00:00 PM,BLUE,0
892,7684719099,DME6870,01/13/2015,21,No Parking (street clean),NY,BMW,01/01/20160303 12:00:00 PM,BLUE,0
893,7738721443,GOSLOU,10/06/2014,71A,Insp Sticker Expired (NYS),NY,NISSA,01/01/20160820 12:00:00 PM,GY,0
894,7440330328,GPC8021,07/02/2014,37,Expired Muni Meter,NY,ME/BE,01/01/20140705 12:00:00 PM,BLACK,0
895,7327936087,GVC2736,03/25/2015,40,Fire Hydrant,NY,JEEP,01/01/20170205 12:00:00 PM,GR,0
896,7994734728,76241MD,09/26/2014,37,Expired Muni Meter,NY,FORD,01/01/20160831 12:00:00 PM,WH,0
897,8010605311,EAE7585,09/03/2014,46A,Double Parking (Non-COM),NY,ME/BE,01/01/20150604 12:00:00 PM,BK,0
898,7793566040,GKM7548,10/30/2014,37,Expired Muni Meter,NY,HONDA,01/01/20150919 12:00:00 PM,BK,0
899,7553919639,29161MB,04/05/2015,78,Nighttime PKG on Res Street,NY,FORD,01/01/20160228 12:00:00 PM,GR,0
900,7768996902,35214ME,12/15/2014,19,No Stand (bus stop),NY,NS/OT,01/01/20150731 12:00:00 PM,WHITE,0
901,7039844941,XY133B,07/21/2014,50,Crosswalk,NJ,INTER,01/01/88880088 12:00:00 PM,SILVE,0
902,8014632539,GVG8344,02/19/2015,16A,No Std (Com Veh) Non-COM,NY,PORSC,01/01/20170119 12:00:00 PM,WH,0
903,7535996802,FZK3700,04/22/2015,70A,Reg. Sticker Expired (NYS),NY,HONDA,01/01/20150414 12:00:00 PM,GREY,0
904,7506285927,EXN4605,04/29/2015,20A,No Parking (Non-COM),NY,FORD,01/01/20160406 12:00:00 PM,WH,0
905,8012527881,57009ME,02/04/2015,37,Expired Muni Meter,NY,FORD,01/01/20160731 12:00:00 PM,WH,0
906,7817193782,27186JV,07/03/2014,48,Bike Lane,NY,NISSA,01/01/20160331 12:00:00 PM,WH,0
907,1355375848,EJN3434,09/28/2014,,,NY,LEXUS,01/01/20150515 12:00:00 PM,BLACK,0
908,7084191689,FVT3643,03/19/2015,70,Reg. Sticker Missing (NYS),NY,LEXUS,01/01/88888888 12:00:00 PM,WHITE,0
909,7994265972,GKZ7526,09/17/2014,14,No Standing,NY,HONDA,01/01/88888888 12:00:00 PM,GREEN,0
910,7210716129,GHG3137,08/14/2014,37,Expired Muni Meter,NY,NISSA,01/01/20150628 12:00:00 PM,GY,0
911,7412856005,GHN7421,10/10/2014,46A,Double Parking (Non-COM),NY,HONDA,01/01/20150730 12:00:00 PM,WH,0
912,7922395437,CZU2292,11/28/2014,38,Failure to Display Muni Rec,NY,TOYOT,01/01/20160830 12:00:00 PM,GREY,0
913,8015578152,2284319,05/01/2015,46B,Double Parking (Com-100Ft),IN,FRUEH,01/01/88880088 12:00:00 PM,WHITE,0
914,8035651407,7PS986,04/24/2015,21,No Parking (street clean),WV,SUBAR,01/01/20150088 12:00:00 PM,GREY,1
915,8035454171,GAR6367,03/27/2015,40,Fire Hydrant,NY,INFIN,01/01/20160925 12:00:00 PM,GR,0
916,1383036240,GTJ5846,05/13/2015,,,NY,MAZDA,01/01/20160929 12:00:00 PM,BLACK,0
917,1378191493,72398ME,02/09/2015,,,NY,CHEVR,01/01/20160428 12:00:00 PM,WHT,0
918,7063795995,29074JY,07/23/2014,89,No Stand Exc Com Plate,NY,FORD,01/01/20151231 12:00:00 PM,SILVE,0
919,7336395363,GWE2669,06/24/2015,46A,Double Parking (Non-COM),NY,ACURA,01/01/20170222 12:00:00 PM,WH,1
920,7911968238,62891MD,10/08/2014,38,Failure to Display Muni Rec,NY,FORD,01/01/20150731 12:00:00 PM,WH,0
921,8006864019,30956JX,01/06/2015,14,No Standing,NY,WORKH,01/01/88888888 12:00:00 PM,BROWN,0
922,8006864019,30956JX,01/06/2015,14,No Standing,NY,WORKH,01/01/88888888 12:00:00 PM,BROWN,0
923,8000292464,EWY4873,08/26/2014,21,No Parking (street clean),NY,TOYOT,01/01/20160210 12:00:00 PM,GY,0
924,1370584260,ENK5874,08/23/2014,,,NY,SUBAR,01/01/20150108 12:00:00 PM,BLACK,0
925,7721129709,EKG9529,08/05/2014,50,Crosswalk,NY,ACURA,01/01/20160720 12:00:00 PM,GY,0
926,1368410420,16222TC,04/08/2015,,,NY,PETER,01/01/20160131 12:00:00 PM,RD,0
927,7882331399,AM957Y,10/10/2014,69,Failure to Disp Muni Recpt,NJ,VOLVO,01/01/88888888 12:00:00 PM,GREY,0
928,7688794020,GFH7322,04/10/2015,40,Fire Hydrant,NY,TOYOT,01/01/20150402 12:00:00 PM,SILVE,0
929,7738767467,GNW1947,05/26/2015,71A,Insp Sticker Expired (NYS),NY,HONDA,01/01/20160311 12:00:00 PM,WH,0
930,8016389843,GHP2725,05/29/2015,21,No Parking (street clean),NY,NISSA,01/01/20151006 12:00:00 PM,BLACK,0
931,7806992029,XJ676F,02/23/2015,47,Double PKG-Midtown,NJ,PONTI,01/01/20150088 12:00:00 PM,WHITE,0
932,1379554718,T434961C,01/15/2015,,,NY,LINCO,01/01/20150930 12:00:00 PM,BK,0
933,1379554718,T434961C,01/15/2015,,,NY,LINCO,01/01/20150930 12:00:00 PM,BK,0
934,7716666861,HTZ9386,01/07/2015,40,Fire Hydrant,PA,JEEP,01/01/20150588 12:00:00 PM,GREY,0
935,7716666861,HTZ9386,01/07/2015,40,Fire Hydrant,PA,JEEP,01/01/20150588 12:00:00 PM,GREY,0
936,7917383829,51903MG,05/26/2015,14,No Standing,NY,HINO,01/01/20161130 12:00:00 PM,WH,0
937,7187964456,GAB1363,05/21/2015,14,No Standing,NY,HYUND,01/01/20160619 12:00:00 PM,BK,0
938,7829545431,V46DAK,09/19/2014,31,No Stand (Com. Mtr. Zone),NJ,FORD,01/01/88888888 12:00:00 PM,WHITE,0
939,7727181055,WXU77S,09/19/2014,21,No Parking (street clean),NJ,HONDA,01/01/88888888 12:00:00 PM,BLACK,0
940,7481974974,DCT9622,03/01/2015,71A,Insp Sticker Expired (NYS),NY,ME/BE,01/01/20150627 12:00:00 PM,GY,0
941,1381507104,GMB1621,03/11/2015,,,NY,VOLKS,01/01/20160203 12:00:00 PM,GRY,0
942,7285137868,PRZ2525,10/21/2014,84,Platform lifts in low posit,MN,INTER,01/01/20140088 12:00:00 PM,WHITE,0
943,7086877396,CUL4192,10/10/2014,40,Fire Hydrant,NY,HONDA,01/01/20150428 12:00:00 PM,RD,0
944,7452794199,GXD7046,06/25/2015,38,Failure to Display Muni Rec,NY,GMC,01/01/20170316 12:00:00 PM,BK,0
945,7994744539,64533JW,11/24/2014,38,Failure to Display Muni Rec,NY,FORD,01/01/20141130 12:00:00 PM,WH,0
946,8031717023,USP63B,03/28/2015,14,No Standing,NJ,ROVER,01/01/88888888 12:00:00 PM,GREY,0
947,1369704434,FWN3267,07/06/2014,,,NY,ME/BE,01/01/20160212 12:00:00 PM,BLK,0
948,7657365377,525WML,10/18/2014,38,Failure to Display Muni Rec,WI,JEEP,01/01/88880088 12:00:00 PM,GREEN,0
949,7971974590,R16DCT,07/31/2014,21,No Parking (street clean),NJ,HYUND,01/01/88888888 12:00:00 PM,GREY,0
950,7175040910,DLJ6733,09/07/2014,71A,Insp Sticker Expired (NYS),NY,NISSA,01/01/20160208 12:00:00 PM,GL,0
951,7596076130,GSB6750,10/01/2014,31,No Stand (Com. Mtr. Zone),NY,LEXUS,01/01/20160902 12:00:00 PM,BR,0
952,8021722836,CZU9840,04/23/2015,38,Failure to Display Muni Rec,NY,HONDA,01/01/20161004 12:00:00 PM,GR,0
953,7677558665,FHN2776,10/25/2014,71A,Insp Sticker Expired (NYS),NY,TOYOT,01/01/20150130 12:00:00 PM,WH,0
954,7014579204,4J14H,10/21/2014,16A,No Std (Com Veh) Non-COM,NY,FORD,01/01/20150228 12:00:00 PM,YELLO,0
955,8007680214,92806JU,01/26/2015,14,No Standing,NY,INTER,01/01/88888888 12:00:00 PM,BROWN,0
956,8007680214,92806JU,01/26/2015,14,No Standing,NY,INTER,01/01/88888888 12:00:00 PM,BROWN,0
957,7086150265,U58BMH,01/24/2015,31,No Stand (Com. Mtr. Zone),NJ,CHEVR,01/01/88888888 12:00:00 PM,OTHER,0
958,7086150265,U58BMH,01/24/2015,31,No Stand (Com. Mtr. Zone),NJ,CHEVR,01/01/88888888 12:00:00 PM,OTHER,0
959,7381663491,FBB4874,09/18/2014,21,No Parking (street clean),NY,TOYOT,01/01/20160603 12:00:00 PM,BLACK,0
960,7472317913,GCG3191,11/05/2014,71A,Insp Sticker Expired (NYS),NY,VOLKS,01/01/20141104 12:00:00 PM,GY,0
961,8017823368,JNB8541,02/20/2015,20A,No Parking (Non-COM),PA,HYUND,01/01/20150388 12:00:00 PM,GREY,0
962,7084207790,CJP8943,06/10/2015,38,Failure to Display Muni Rec,NY,NISSA,01/01/20170119 12:00:00 PM,BK,0
963,7981187771,74894MD,11/04/2014,37,Expired Muni Meter,NY,FORD,01/01/20160228 12:00:00 PM,WH,0
964,7581576000,1060PAC,04/07/2015,21,No Parking (street clean),NY,NISSA,01/01/20160823 12:00:00 PM,BL,0
965,8014724094,GSU4675,06/19/2015,37,Expired Muni Meter,NY,TOYOT,01/01/20161026 12:00:00 PM,GOLD,1
966,7409954826,BXL4320,12/10/2014,40,Fire Hydrant,GA,BUICK,01/01/88880088 12:00:00 PM,WHITE,0
967,8010241970,98404JX,06/23/2015,13,No Stand (taxi stand),NY,WORKH,01/01/88888888 12:00:00 PM,BROWN,0
968,7098987505,T658787C,11/24/2014,38,Failure to Display Muni Rec,NY,CHEVR,01/01/20150930 12:00:00 PM,BK,0
969,7459999880,GNC1567,07/13/2014,71A,Insp Sticker Expired (NYS),NY,CHEVR,01/01/20160417 12:00:00 PM,WH,0
970,1365983158,G3197ME,10/20/2014,,,NY,DODGE,01/01/20160506 12:00:00 PM,GRAY,0
971,7453921399,ERR6933,01/16/2015,20A,No Parking (Non-COM),NY,BMW,01/01/20150615 12:00:00 PM,TN,0
972,7453921399,ERR6933,01/16/2015,20A,No Parking (Non-COM),NY,BMW,01/01/20150615 12:00:00 PM,TN,0
973,7692762510,61686JC,05/08/2015,71A,Insp Sticker Expired (NYS),NY,FORD,01/01/20170307 12:00:00 PM,WHITE,0
974,8033176258,26350ME,06/17/2015,46B,Double Parking (Com-100Ft),NY,MI/F,01/01/20160228 12:00:00 PM,WH,0
975,7701190089,GWV4116,05/12/2015,37,Expired Muni Meter,NY,LINCO,01/01/20170209 12:00:00 PM,BK,0
976,8031613059,54618MG,04/21/2015,78,Nighttime PKG on Res Street,NY,NISSA,01/01/20161231 12:00:00 PM,WHITE,0
977,8010281736,3UHD851,04/26/2015,40,Fire Hydrant,CA,VOLKS,01/01/20150188 12:00:00 PM,WHITE,0
978,7645506519,GRF1394,12/31/2014,21,No Parking (street clean),NY,NISSA,01/01/20160622 12:00:00 PM,RD,0
979,7645506519,GRF1394,12/31/2014,21,No Parking (street clean),NY,NISSA,01/01/20160622 12:00:00 PM,RD,0
980,8031613760,AMJ7881,04/23/2015,21,No Parking (street clean),NY,TOYOT,01/01/20170223 12:00:00 PM,GY,0
981,7713854915,FPB6036,12/01/2014,71A,Insp Sticker Expired (NYS),NY,TOYOT,01/01/20150803 12:00:00 PM,GR,0
982,7741583906,GWY6209,04/25/2015,19,No Stand (bus stop),NY,CHEVR,01/01/20170311 12:00:00 PM,BL,0
983,7461921812,BDN6523,06/08/2015,16A,No Std (Com Veh) Non-COM,NY,MAZDA,01/01/20160319 12:00:00 PM,GY,1
984,8000322353,VCF4811,12/01/2014,21,No Parking (street clean),VA,CHEVR,01/01/20141288 12:00:00 PM,TAN,0
985,8036359340,GND9648,06/12/2015,38,Failure to Display Muni Rec,NY,ME/BE,01/01/20160227 12:00:00 PM,BK,0
986,8013664077,13659MD,12/17/2014,69,Failure to Disp Muni Recpt,NY,NS/OT,01/01/20150331 12:00:00 PM,RED,0
987,7718175613,GRJ7601,10/27/2014,83,Improper Registration,NY,CHEVR,01/01/20160622 12:00:00 PM,WH,0
988,7099890669,FEP6672,06/30/2015,21,No Parking (street clean),NY,LEXUS,01/01/20160902 12:00:00 PM,LT/,0
989,7475917678,78541JW,10/06/2014,38,Failure to Display Muni Rec,NY,INTER,01/01/88888888 12:00:00 PM,BROWN,0
990,1379632160,CVH7042,02/23/2015,,,NY,CHEVR,01/01/20160321 12:00:00 PM,GY,0
991,8014627556,GEB2018,01/30/2015,70A,Reg. Sticker Expired (NYS),NY,JEEP,01/01/20150122 12:00:00 PM,BL,0
992,7085218381,35529MD,07/30/2014,40,Fire Hydrant,NY,FRUEH,01/01/20150430 12:00:00 PM,RD,0
993,7510799478,GNV7427,11/15/2014,70A,Reg. Sticker Expired (NYS),NY,JAGUA,01/01/20140407 12:00:00 PM,SILVE,0
994,7731999087,FBF5458,11/25/2014,39,Overtime PKG-Time Limt Post,NY,CHEVR,01/01/20160610 12:00:00 PM,GY,0
995,7419503266,GSW1735,02/08/2015,20A,No Parking (Non-COM),NY,HONDA,01/01/20160910 12:00:00 PM,GY,0
996,7446302355,GKE7441,09/28/2014,14,No Standing,NY,NISSA,01/01/20150922 12:00:00 PM,BK,0
997,8046303045,67718ME,06/22/2015,16,No Std (Com Veh) Com Plate,NY,FORD,01/01/20161130 12:00:00 PM,WH,0
998,7940364340,F84DWJ,09/26/2014,38,Failure to Display Muni Rec,NJ,JEEP,01/01/88888888 12:00:00 PM,BLUE,0
999,8007003575,GJY9856,08/05/2014,21,No Parking (street clean),NY,TOYOT,01/01/20151111 12:00:00 PM,BK,0
